Symbol,Description
BURNPUR,Burnpur Cement Limited
INDOKEM,Indokem Limited
KALYANI,Kalyani Commercials Limited
SONAL,Sonal Mercantile Limited
ACGL,Automobile Corporation of Goa Limited
ADDIND,Addi Industries Limited
ADVIKCA,Advik Capital Limited
ALFREDHE,Alfred Herbert India Limited
ALUFLUOR,Alufluoride Limited
AMAL,Amal Limited
AMARJOTHI,Amarjothi Spinning Mills Limited
ANDREWYU,Andrew Yule & Company Limited
ANSALBU,Ansal Buildwell Limited
APOORVA,Apoorva Leasing Finance and Investment Company Limited
ARCL,ARCL Organics Limited
ARDEE,Ardee Industries Limited
ARYAMAN,Aryaman Financial Services Limited
ASIANTNE,Asian Tea & Exports Limited
ASSAMENT,Assam Entrade Limited
AUSTENG,Austin Engineering Company  Limited
AVANCE,Avance Technologies Limited
AZADIND,Azad India Mobility Limited
BENARAS,Benares Hotels Limited
BLUECLOUDS,Blue Cloud Softech Solutions Limited
BPLPHARMA,Bharat Parenterals Limited
BRAHMINFRA,Brahmaputra Infrastructure Limited
BRIGHTBR,Bright Brothers Limited
CFEL,Confidence Futuristic Energetech Limited
CGVAK,CG Vak Software & Exports Limited
CHEMCRUX,Chemcrux Enterprises Limited
COMPEAU,Competent Automobiles Company Limited
CRAVATEX,Cravatex Limited
CRSL,Cressanda Railway Solutions Limited
DHABRIYA,Dhabriya Polywood Limited
DHATRE,Dhatre Udyog Limited
DHOOTTRANS,Dhoot Transmission Limited
EASTWEST,East West Freight Carriers Limited
EBIX,EBIX Limited
EKI,EKI Energy Services Limited
EMPIND,Empire Industries Limited
ENKEIWHEL,Enkei Wheels (India) Limited
FREDUN,Fredun Pharmaceuticals Limited
GKB,GKB Ophthalmics Limited
HAMPTON,Hampton Sky Realty Limited
HBPOR,HB Portfolio Limited
HINDADH,Hindustan Adhesives Limited
HINDALUMI,Hind Aluminium Industries Limited
HRYNSHP,Hariyana Ship Breakers Limited
IPRINGLTD,IP Rings Limited
ISTLTD,I S T Limited
JENBURPH,Jenburkt Pharmaceuticals Limited
JNPR,Juniper Green Energy Limited
JYOTIRES,Jyoti Resins & Adhesives Limited
KAMANWALA,Kamanwala Housing Construction Limited
KANCOTEA,Kanco Tea & Industries Limited
KJMCFIN,KJMC Financial Services Limited
KMCSHIL,K M C Speciality Hospitals (India) Limited
LADDERUP,Ladderup Finance Limited
LAKSHMIMIL,Lakshmi Mills Company Limited
LANCER,Lancer Container Lines Limited
LEAPIND,LEAP India Limited
LEENEE,Lee & Nee Softwares Exports Limited
LKPSEC,LKP Securities Limited
LOTUSCHO,Lotus Chocolate Company Limited
MAKERSL,Makers Laboratories Limited
KDGREEN,Manbro Industries Limited
MANIPALHOS,Manipal Health Enterprises Limited
MEDICAPQ,Medi Caps Limited
MIIL,Meghna Infracon Infrastructure Limited
MINALIND,Minal Industries Limited
MKEXIM,M.K. Exim (India) Limited
MLKFOOD,Milkfood Limited
MOHITE,Mohite Industries Limited
MOLBIO,Molbio Diagnostics Limited
MPDL,MPDL Limited
MSL,Mangalam Seeds Limited
MUKESHB,Mukesh Babu Financial Services Limited
MVELECTRO,MV Electrosystems Limited
MYSORPETRO,Mysore Petro Chemicals Limited
NICCOPAR,Nicco Parks & Resorts Limited
NTCIND,NTC Industries Limited
ODYCORP,Odyssey Corporation Limited
ONEGLOBAL,One Global Service Provider Limited
ONIXSOLAR,Onix Solar Energy Limited
OPTIFIN,Optimus Finance Limited
ORIRAIL,Oriental Rail Infrastructure Limited
PACIFICI,Pacific Industries Limited
PANCHMAHQ,Panchmahal Steel Limited
PANORAMA,Panorama Studios International Limited
PARNAXLAB,Parnax Lab Limited
PBMPOLY,PBM Polytex Limited
PERMAGN,Permanent Magnets Limited
PHOENXINTL,Phoenix International Limited
POEL,POCL Enterprises Limited
POLYSPIN,Polyspin Exports Limited
PRISMX,Prismx Global Ventures Limited
RRECL,RDB Real Estate Constructions Limited
RTSPOWR,RTS Power Corporation Limited
SAB,SAB Industries Limited
SAICAPI,Sai Capital Limited
SAMBANDAM,Sambandam Spinning Mills Limited
SAYAJIIND,Sayaji Industries Limited
SEKURITIND,Saint Gobain Sekurit India Limited
SGLRES,SGL Resources Limited
SGRL,Shree Ganesh Remedies Limited
SHERVANI,Shervani Industrial Syndicate Limited
SHILGRAVQ,Shilp Gravures Limited
SHIVAAGRO,Shiva Global Agro Industries Limited
SHIVACEM,Shiva Cement Limited
SHRADDHA,Shraddha Prime Projects Limited
SHRJAGP,Shri Jagdamba Polymers Limited
SHUKRAPHAR,Shukra Pharmaceuticals Limited
SIEL,Superior Industrial Enterprises Limited
SIMPLXREA,Simplex Realty Limited
SPELS,SPEL Semiconductor Limited
SRIKPRIND,Sri KPR Industries Limited
STLSTRINF,Steel Strips Infrastructures Limited
SUMEDHA,Sumedha Fiscal Services Limited
SUNLOC,Sunil Healthcare Limited
SUNRAKSHAK,Sunrakshakk Industries India Limited
SUNSHIEL,Sunshield Chemicals Limited
SUPTANERY,Super Tannery Limited
SVGLOBAL,S V Global Mill Limited
SWARNSAR,Swarnsarita Jewels India Limited
SWISSMLTRY,Swiss Military Consumer Goods Limited
TANAA,Taneja Aerospace & Aviation Limited
TECHNOCRAF,Technocraft Ventures Limited
TERAI,Terai Tea Company Limited
TGVSL,TGV Sraac Limited
TOYAMSL,Toyam Sports Limited
TRANSCOR,Transcorp International Limited
TRITONV,Triton Valves Limited
TUTIALKA,Tuticorin Alkali Chemicals & Fertilizers Limited
UDAYJEW,Uday Jewellery Industries Limited
UPHOT,U P Hotels Limited
VADILENT,Vadilal Enterprises Limited
VASUPRADA,Shri Vasuprada Plantations Limited
VGCL,Vibrant Global Capital Limited
VIJSOLX,Vijay Solvex Limited
VIRTUALG,Virtual Global Education Limited
VISHAL,Vishal Fabrics Limited
VIVOBIOT,Vivo Bio Tech Limited
VOITHPAPR,Voith Paper Fabrics India Limited
VTMLTD,VTM Limited
WARDINMOBI,Wardwizard Innovations & Mobility Limited
WHBRADY,WH Brady & Company Limited
YOGI,Yogi Limited
DSKULKARNI,DS Kulkarni Developers Limited
GFSTEELS,Grand Foundry Limited
IMPEXFERRO,Impex Ferro Tech Limited
BODALCHEM,Bodal Chemicals Limited
XTRANET,Xtranet Technologies Limited
MOREPENLAB,Morepen Laboratories Limited
SUPREMEENG,Supreme Engineering Limited
CUBEXTUB,Cubex Tubings Limited
TBZ,Tribhovandas Bhimji Zaveri Limited
RAYMOND,Raymond Limited
ROLLT,Rollatainers Limited
VALIANTLAB,Valiant Laboratories Limited
RAMBHAJO,Advit Jewels Limited
AHCL,Anlon Healthcare Limited
STLNETWORK,STL Networks Limited
PVP,PVP Ventures Limited
BIRLACABLE,Birla Cable Limited
KABRAEXTRU,Kabra Extrusion Technik Limited
SYNCOMF,Syncom Formulations (India) Limited
STLTECH,Sterlite Technologies Limited
RETAIL,JHS Svendgaard Retail Ventures Limited
ACSTECH,ACS Technologies Limited
SHANTIGOLD,Shanti Gold International Limited
SHEKHAWATI,Shekhawati Industries Limited
VALIANTORG,Valiant Organics Limited
AVADHSUGAR,Avadh Sugar & Energy Limited
BHAGERIA,Bhageria Industries Limited
RATNAVEER,Ratnaveer Precision Engineering Limited
MMP,MMP Industries Limited
SHILPAMED,Shilpa Medicare Limited
DPABHUSHAN,D. P. Abhushan Limited
MODISONLTD,MODISON LIMITED
QMSMEDI,QMS Medical Allied Services Limited
ANKITMETAL,Ankit Metal & Power Limited
INDOMIM,INDO-MIM Limited
BIRLAPREC,Birla Precision Technologies Limited
MANINDS,Man Industries (India) Limited
MARINE,Marine Electricals (India) Limited
PNGSREVA,PNGS Reva Diamond Jewellery Limited
BAFNAPH,Bafna Pharmaceuticals Limited
SIGMAADV,SIGMA ADVANCED SYSTEMS LIMITED
CUPID,Cupid Limited
UNITEDPOLY,United Polyfab Gujarat Limited
INDSWFTLAB,Ind-Swift Laboratories Limited
WELCORP,Welspun Corp Limited
DOLPHIN,Dolphin Offshore Enterprises (India) Limited
KAVDEFENCE,Kavveri Defence & Wireless Technologies Limited
WHEELS,Wheels India Limited
PCJEWELLER,PC Jeweller Limited
OILCOUNTUB,Oil Country Tubular Limited
BI,Bilcare Limited
VELJAN,Veljan Denison Limited
GMMPFAUDLR,GMM Pfaudler Limited
CALSOFT,California Software Company Limited
YUKEN,Yuken India Limited
SUBEXLTD,Subex Limited
JAYKAY,Jaykay Enterprises Limited
MANAKSTEEL,Manaksia Steels Limited
SBC,SBC Exports Limited
ROSSTECH,Rossell Techsys Limited
SALSTEEL,S.A.L. Steel Limited
KAMATHOTEL,Kamat Hotels (I) Limited
MMWL,Media Matrix Worldwide Limited
INDORAMA,Indo Rama Synthetics (India) Limited
EMIL,Electronics Mart India Limited
NRL,Nupur Recyclers Limited
FCL,Fineotex Chemical Limited
SPECTRUM,Spectrum Electrical Industries Limited
SMCGLOBAL,SMC Global Securities Limited
GKSL,Gujarat Kidney And Super Speciality Limited
FEDDERSHOL,Fedders Holding Limited
QUADFUTURE,Quadrant Future Tek Limited
ARIES,Aries Agro Limited
AKSHARCHEM,AksharChem India Limited
WELSPUNLIV,Welspun Living Limited
INDIAGLYCO,India Glycols Limited
BOSCH-HCIL,BOSCH HOME COMFORT INDIA LIMITED
IVP,IVP Limited
PRABHA,Prabha Energy Limited
KENNAMET,Kennametal India Limited
KALYANIFRG,Kalyani Forge Limited
FINCABLES,Finolex Cables Limited
TDPOWERSYS,TD Power Systems Limited
ELANTAS,Elantas Beck India Limited
AKI,AKI India Limited
ONEPOINT,One Point One Solutions Limited
RPEL,Raghav Productivity Enhancers Limited
CYIENTDLM,Cyient DLM Limited
VCL,Vaxtex Cotfab Limited
PANACHE,Panache Digilife Limited
FILATEX,Filatex India Limited
CORDSCABLE,Cords Cable Industries Limited
BIL,Bhartiya International Limited
SETL,Standard Engineering Technology Limited
TFCILTD,Tourism Finance Corporation of India Limited
GENESYS,Genesys International Corporation Limited
GLOBAL,Global Education Limited
SBCL,Shivalik Bimetal Controls Limited
KPL,Kwality Pharmaceuticals Limited
OAL,Oriental Aromatics Limited
VIVIMEDLAB,Vivimed Labs Limited
SHIVALIK,Shivalik Rasayan Limited
PTCIL,PTC Industries Limited
GEEKAYWIRE,Geekay Wires Limited
BLISSGVS,Bliss GVS Pharma Limited
TOTAL,Total Transport Systems Limited
ONELIFECAP,Onelife Capital Advisors Limited
RGL,Renaissance Global Limited
UNIMECH,Unimech Aerospace and Manufacturing Limited
STYLEBAAZA,Baazar Style Retail Limited
LOKESHMACH,Lokesh Machines Limited
PARAGMILK,Parag Milk Foods Limited
INVPRECQ,Investment & Precision Castings Limited
AXISCADES,AXISCADES Technologies Limited
RAMRAT,Ram Ratna Wires Limited
SHANTIGEAR,Shanthi Gears Limited
CYIENT,Cyient Limited
DPWIRES,D P Wires Limited
QUINT,Quint Digital Limited
ENTERO,Entero Healthcare Solutions Limited
IOLCP,IOL Chemicals and Pharmaceuticals Limited
MAWANASUG,Mawana Sugars Limited
PLAZACABLE,Plaza Wires Limited
GCSL,Gretex Corporate Services Limited
MEP,MEP Infrastructure Developers Limited
PARSVNATH,Parsvnath Developers Limited
NRAIL,N R Agarwal Industries Limited
IBULLSLTD,Indiabulls Limited
SHARDUL,Shardul Securities Limited
ANTELOPUS,Antelopus Selan Energy Limited
E2E,E2E Networks Limited
MTARTECH,Mtar Technologies Limited
TAMBOLIIN,Tamboli Industries Limited
DBOL,Dhampur Bio Organics Limited
KOPRAN,Kopran Limited
ARVEE,Arvee Laboratories (India) Limited
SAMBHV,Sambhv Steel Tubes Limited
TIMEX,Timex Group India Limited
CPCAP,CP Capital Limited
MAXESTATES,Max Estates Limited
MENONBE,Menon Bearings Limited
NIRAJISPAT,Niraj Ispat Industries Limited
SKYGOLD,SKY GOLD AND DIAMONDS LIMITED
AKSHOPTFBR,Aksh Optifibre Limited
HFCL,HFCL Limited
AVTNPL,AVT Natural Products Limited
PREMIERPOL,Premier Polyfilm Limited
KRONOX,Kronox Lab Sciences Limited
QPOWER,Quality Power Electrical Equipments Limited
MACPOWER,Macpower CNC Machines Limited
TCPLPACK,TCPL Packaging Limited
ALLCARGO,Allcargo Logistics Limited
KINGFA,Kingfa Science & Technology (India) Limited
CRESTO,Silly Monks Entertainment Limited
TAALTECH,Taal Tech Limited
KILITCH,Kilitch Drugs (India) Limited
RUBYMILLS,The Ruby Mills Limited
ENGINERSIN,Engineers India Limited
DELTACORP,Delta Corp Limited
KIRIINDUS,Kiri Industries Limited
MANALIPETC,Manali Petrochemicals Limited
RBA,Restaurant Brands Asia Limited
ALKALI,Alkali Metals Limited
ALMONDZ,Almondz Global Securities Limited
DHAMPURSUG,Dhampur Sugar Mills Limited
UFLEX,UFLEX Limited
PKTEA,The Peria Karamalai Tea & Produce Company Limited
EBGNG,GNG Electronics Limited
UGARSUGAR,The Ugar Sugar Works Limited
KMEW,Knowledge Marine & Engineering Works Limited
PRECWIRE,Precision Wires India Limited
AVALON,Avalon Technologies Limited
AAREYDRUGS,Aarey Drugs & Pharmaceuticals Limited
MOTISONS,Motisons Jewellers Limited
MEDICAMEQ,Medicamen Biotech Limited
GANDHAR,Gandhar Oil Refinery (India) Limited
SSWL,Steel Strips Wheels Limited
OCCLLTD,OCCL Limited
AARTIPHARM,Aarti Pharmalabs Limited
WSTCSTPAPR,West Coast Paper Mills Limited
ELLEN,Ellenbarrie Industrial Gases Limited
RBZJEWEL,RBZ Jewellers Limited
JGCHEM,J.G.Chemicals Limited
530521,Virat Industries Limited
HATSUN,Hatsun Agro Product Limited
OPTIEMUS,Optiemus Infracom Limited
SOLARA,Solara Active Pharma Sciences Limited
ORIENTBELL,Orient Bell Limited
SONAMLTD,SONAM LIMITED
UYFINCORP,U. Y. Fincorp Limited
SSDL,Saraswati Saree Depot Limited
SREEL,Sreeleathers Limited
MANORAMA,Manorama Industries Limited
AZAD,Azad Engineering Limited
ARFIN,Arfin India Limited
PROZONER,Prozone Realty Limited
3BBLACKBIO,3B Blackbio Dx Limited
JHS,JHS Svendgaard Laboratories Limited
SUNTV,Sun TV Network Limited
MCX,Multi Commodity Exchange of India Limited
MUKANDLTD,Mukand Limited
ABINFRA,A B Infrabuild Limited
SHIVAUM,Shiv Aum Steels Limited
SYRMA,Syrma SGS Technology Limited
UTTAMSUGAR,Uttam Sugar Mills Limited
WELINV,Welspun Investments and Commercials Limited
TEGA,Tega Industries Limited
REMSONSIND,Remsons Industries Limited
CORDELIA,Waterways Leisure Tourism Limited
KOHINOOR,Kohinoor Foods Limited
TNPETRO,Tamilnadu PetroProducts Limited
ANMOL,Anmol India Limited
YATHARTH,Yatharth Hospital & Trauma Care Services Limited
MAZDA,Mazda Limited
GALAXYSURF,Galaxy Surfactants Limited
SHREEPUSHK,Shree Pushkar Chemicals & Fertilisers Limited
SURAKSHA,Suraksha Diagnostic Limited
ARIHANTCAP,Arihant Capital Markets Limited
EIMCOELECO,Eimco Elecon (India) Limited
APARINDS,Apar Industries Limited
PASUPTAC,Pasupati Acrylon Limited
SHREEJISPG,Shreeji Shipping Global Limited
CAPTRUST,Capital Trust Limited
SANSERA,Sansera Engineering Limited
MEESHO,Meesho Limited
PGIL,Pearl Global Industries Limited
PRADPME,Pradeep Metals Limited
GRAPHITE,Graphite India Limited
VENUSPIPES,Venus Pipes & Tubes Limited
SOTL,Savita Oil Technologies Limited
NOVARTIND,Novartis India Limited
DYNAMATECH,Dynamatic Technologies Limited
MVGJL,Manoj Vaibhav Gems N Jewellers Limited
WELENT,Welspun Enterprises Limited
KSR,KSR Footwear Limited
ARCHIDPLY,Archidply Industries Limited
RSL,Rajputana Stainless Limited
VSSL,Vardhman Special Steels Limited
ZIMLAB,Zim Laboratories Limited
NRBBEARING,NRB Bearing Limited
AEROFLEX,Aeroflex Industries Limited
ISFT,Intrasoft Technologies Limited
COMSYN,Commercial Syn Bags Limited
MATRIMONY,Matrimony.Com Limited
SIMBHALS,Simbhaoli Sugars Limited
GLAND,Gland Pharma Limited
SMSPHARMA,SMS Pharmaceuticals Limited
MANYAVAR,Vedant Fashions Limited
ROLEXRINGS,Rolex Rings Limited
KROSS,Kross Limited
VINDHYATEL,Vindhya Telelinks Limited
LENSKART,Lenskart Solutions Limited
BLUSPRING,Bluspring Enterprises Limited
SUNFLAG,Sunflag Iron And Steel Company Limited
EMUDHRA,eMudhra Limited
ALICON,Alicon Castalloy Limited
KANORICHEM,Kanoria Chemicals & Industries Limited
FOSECOIND,Foseco India Limited
MHLXMIRU,Mahalaxmi Rubtech Limited
MARKSANS,Marksans Pharma Limited
MARSONS,Marsons Limited
KHADIM,Khadim India Limited
DMCC,DMCC SPECIALITY CHEMICALS LIMITED
SYSTMTXC,Systematix Corporate Services Limited
MOTILALOFS,Motilal Oswal Financial Services Limited
NELCAST,Nelcast Limited
VIJIFIN,Viji Finance Limited
NECCLTD,North Eastern Carrying Corporation Limited
AAATECH,AAA Technologies Limited
INDOAMIN,Indo Amines Limited
KRN,KRN Heat Exchanger and Refrigeration Limited
TEXMOPIPES,Texmo Pipes and Products Limited
OMFREIGHT,Om Freight Forwarders Limited
NAGREEKCAP,Nagreeka Capital & Infrastructure Limited
JYOTICNC,Jyoti CNC Automation Limited
UEL,Ujaas Energy Limited
HINDCON,Hindcon Chemicals Limited
SOMANYCERA,Somany Ceramics Limited
UCAL,UCAL LIMITED
GULFPETRO,GP Petroleums Limited
NEOGEN,Neogen Chemicals Limited
BBOX,Black Box Limited
SHAHALLOYS,Shah Alloys Limited
533056,VEDAVAAG Systems Limited
PAR,Par Drugs And Chemicals Limited
CPPLUS,Aditya Infotech Limited
KSHITIJPOL,Kshitij Polyline Limited
LYKALABS,Lyka Labs Limited
MANINFRA,Man Infraconstruction Limited
HERITGFOOD,Heritage Foods Limited
BROOKS,Brooks Laboratories Limited
GICL,Globe International Carriers Limited
KISSHT,OnEMI Technology Solutions Limited
LCL,Lohia Corp Limited
AARNAV,Aarnav Fashions Limited
GTECJAINX,G-TEC JAINX EDUCATION LIMITED
SUDEEPPHRM,Sudeep Pharma Limited
INNOVACAP,Innova Captab Limited
PVRINOX,PVR INOX Limited
PAYTM,One 97 Communications Limited
522183,ITL Industries Limited
DCMNVL,DCM Nouvelle Limited
BAJAJHIND,Bajaj Hindusthan Sugar Limited
CHEMCON,Chemcon Speciality Chemicals Limited
DEEPINDS,Deep Polymers Limited
DEEPINDS,Deep Industries Limited
DEVX,Dev Accelerator Limited
SECMARK,SecMark Consultancy Limited
AEQUS,Aequs Limited
DTIL,Dhunseri Tea & Industries Limited
OMAXE,Omaxe Limited
KSHINTL,KSH International Limited
GFLLIMITED,GFL Limited
SHADOWFAX,Shadowfax Technologies Limited
SINGERIND,Singer India Limited
TI,Tilaknagar Industries Limited
INDOBORAX,Indo Borax & Chemicals Limited
DICIND,DIC India Limited
EUROTEXIND,Eurotex Industries and Exports Limited
HAPPYFORGE,Happy Forgings Limited
JAIBALAJI,Jai Balaji Industries Limited
ARROWGREEN,Arrow Greentech Limited
ABANSENT,Abans Enterprises Limited
THELEELA,Leela Palaces Hotels & Resorts Limited
RAJOOENG,Rajoo Engineers Limited
SUNDRMFAST,Sundram Fasteners Limited
VINCOFE,Vintage Coffee And Beverages Limited
BOROLTD,Borosil Limited
IGPL,IG Petrochemicals Limited
WEWIN,WE WIN LIMITED
MOBIKWIK,One Mobikwik Systems Limited
VARROC,Varroc Engineering Limited
GNFC,Gujarat Narmada Valley Fertilizers and Chemicals Limited
LOTUSDEV,Sri Lotus Developers and Realty Limited
BLUECHIP,Blue Chip India Limited
VIVIANA,Viviana Power Tech Limited
DWARKESH,Dwarikesh Sugar Industries Limited
KANPRPLA,Kanpur Plastipack Limited
KWIL,Kwality Wall's (India) Limited
MUKKA,Mukka Proteins Limited
GODREJAGRO,Godrej Agrovet Limited
KLBRENG-B,Kilburn Engineering Limited
LAMBODHARA,Lambodhara Textiles Limited
VHLTD,Viceroy Hotels Limited
SEDEMAC,SEDEMAC Mechatronics Limited
ALBERTDAVD,Albert David Limited
LGEINDIA,LG Electronics India Limited
QUINTEGRA,Quintegra Solutions Limited
RACLGEAR,RACL Geartech Limited
DSFCL,DCM Shriram Fine Chemicals Limited
KTKBANK,The Karnataka Bank Limited
ABDL,Allied Blenders and Distillers Limited
KOTAKBANK,Kotak Mahindra Bank Limited
DVL,Dhunseri Ventures Limited
TRACXN,Tracxn Technologies Limited
AKUMS,Akums Drugs and Pharmaceuticals Limited
GILLANDERS,Gillanders Arbuthnot & Company Limited
CAPILLARY,Capillary Technologies India Limited
CHENNPETRO,Chennai Petroleum Corporation Limited
JASH,Jash Engineering Limited
BATLIBOI,Batliboi Limited
DIACABS,Diamond Power Infrastructure Limited
LAURUSLABS,Laurus Labs Limited
TIJARIA,Tijaria Polypipes Limited
SAILIFE,Sai Life Sciences Limited
LUMAXTECH,Lumax Auto Technologies Limited
RMDRIP,R M Drip and Sprinklers Systems Limited
CENTUM,Centum Electronics Limited
ACMESOLAR,Acme Solar Holdings Limited
AETHER,Aether Industries Limited
SIKKO,Sikko Industries Limited
SMLT,Sarthak Metals Limited
NPST,Network People Services Technologies Limited
ASIANHOTNR,Asian Hotels (North) Limited
ATHERENERG,Ather Energy Limited
GPPL,Gujarat Pipavav Port Limited
GLOBALE,Globale Tessile Limited
PITTIENG,Pitti Engineering Limited
TARMAT,Tarmat Limited
LANCORHOL,Lancor Holdings Limited
PAISALO,Paisalo Digital Limited
MIDHANI,Mishra Dhatu Nigam Limited
ATLANTAELE,Atlanta Electricals Limited
CARBORUNIV,Carborundum Universal Limited
WINDLAS,Windlas Biotech Limited
SGMART,SG Mart Limited
ATL,Allcargo Terminals Limited
SPLPETRO,Supreme Petrochem Limited
HALDYNGL,Haldyn Glass Limited
JTLIND,JTL INDUSTRIES LIMITED
ANSALAPI,Ansal Properties & Infrastructure Limited
CUB,City Union Bank Limited
RBLBANK,RBL Bank Limited
SUPERSPIN,Super Spinning Mills Limited
OSWALSEEDS,ShreeOswal Seeds And Chemicals Limited
AMANTA,Amanta Healthcare Limited
ASTEC,Astec LifeSciences Limited
FINKURVE,Finkurve Financial Services Limited
ALIVUS,Alivus Life Sciences Limited
EMKAY,Emkay Global Financial Services Limited
PWL,Physicswallah Limited
MAHAPEXLTD,Maha Rashtra Apex Corporation Limited
GESHIP,The Great Eastern Shipping Company Limited
IPCALAB,IPCA Laboratories Limited
SILINV,SIL Investments Limited
SAPPL,Shree Ajit Pulp & Paper Limited
AGI,AGI Greenpac Limited
DIVISLAB,Divi's Laboratories Limited
SAPPHIRE,Sapphire Foods India Limited
ALEMBICLTD,Alembic Limited
HMAAGRO,HMA Agro Industries Limited
KDDL,KDDL Limited
EDELWEISS,Edelweiss Financial Services Limited
NAVINFLUOR,Navin Fluorine International Limited
SVLL,Shree Vasu Logistics Limited
NAZARA,Nazara Technologies Limited
STEELCAS,Steelcast Limited
WESTLIFE,WESTLIFE FOODWORLD LIMITED
APLAPOLLO,APL Apollo Tubes Limited
ASIANENE,Asian Energy Services Limited
INDIQUBE,Indiqube Spaces Limited
MANOMAY,Manomay Tex India Limited
JUNIPER,Juniper Hotels Limited
GANDHITUBE,Gandhi Special Tubes Limited
HAVISHA,Sri Havisha Hospitality and Infrastructure Limited
ISGEC,Isgec Heavy Engineering Limited
PINELABS,Pine Labs Limited
CHEMBOND,Chembond Material Technologies Limited
TVSSRICHAK,TVS Srichakra Limited
BEML,BEML Limited
AVONMORE,Avonmore Capital & Management Services Limited
HITECHCORP,Hitech Corporation Limited
ACE,Action Construction Equipment Limited
IRISDOREME,Iris Clothings Limited
SWANDEF,Swan Defence and Heavy Industries Limited
FINEORG,Fine Organic Industries Limited
MSTCLTD,Mstc Limited
CHEMPLASTS,Chemplast Sanmar Limited
SATIA,Satia Industries Limited
TNTELE,Tamilnadu Telecommunication Limited
JKIPL,Jinkushal Industries Limited
REDINGTON,Redington Limited
SOFTTECH,Softtech Engineers Limited
LGBBROSLTD,LG Balakrishnan & Bros Limited
BALUFORGE,Balu Forge Industries Limited
KOLTEPATIL,Kolte - Patil Developers Limited
DCBBANK,DCB Bank Limited
SETUINFRA,Setubandhan Infrastructure Limited
UNIVCABLES,Universal Cables Limited
PAUSHAKLTD,Paushak Limited
SOLARINDS,Solar Industries India Limited
VETO,Veto Switchgears And Cables Limited
ABAN,Aban Offshore Limited
TPHQ,Teamo Productions HQ Limited
SPECIALITY,Speciality Restaurants Limited
RIR,RIR Power Electronics Limited
ANDHRAPAP,ANDHRA PAPER LIMITED
SALONA,Salona Cotspin Limited
CYBERMEDIA,Cyber Media (India) Limited
MAHSEAMLES,Maharashtra Seamless Limited
NDL,Nandan Denim Limited
ARIS,Arisinfra Solutions Limited
SUDARSCHEM,Sudarshan Chemical Industries Limited
POWERICA,Powerica Limited
HARSHA,Harsha Engineers International Limited
TEAMGTY,Team India Guaranty Limited
BLACKBUCK,BLACKBUCK LIMITED
SMARTLINK,Smartlink Holdings Limited
GUJRAFFIA,Gujarat Raffia Industries Limited
FMGOETZE,Federal-Mogul Goetze (India) Limited.
VMART,V-Mart Retail Limited
VIDYAWIRES,Vidya Wires Limited
KRISHANA,Krishana Phoschem Limited
CONTROLPR,Control Print Limited
AUROPHARMA,Aurobindo Pharma Limited
MOL,Meghmani Organics Limited
NAHARINDUS,Nahar Industrial Enterprises Limited
SIGACHI,Sigachi Industries Limited
KPIL,Kalpataru Projects International Limited
PNBHOUSING,PNB Housing Finance Limited
CELLO,Cello World Limited
AGSTRA,AGS Transact Technologies Limited
CEIGALL,Ceigall India Limited
SRHHYPOLTD,Sree Rayalaseema Hi-Strength Hypo Limited
PANAMAPET,Panama Petrochem Limited
EASTSILK,Eastern Silk Industries Limited
TTL,T T Limited
XELPMOC,Xelpmoc Design And Tech Limited
URBANCO,Urban Company Limited
LIBAS,Libas Consumer Products Limited
DIFFNKG,Diffusion Engineers Limited
VISHNU,Vishnu Chemicals Limited
PRIMESECU,Prime Securities Limited
BEEKAY,Beekay Steel Industries Limited
PONNIERODE,Ponni Sugars (Erode) Limited
SAKAR,Sakar Healthcare Limited
UNIVAFOODS,Univa Foods Limited
KAMDHENU,Kamdhenu Limited
COFORGE,Coforge Limited
NEULANDLAB,Neuland Laboratories Limited
BHEL,Bharat Heavy Electricals Limited
PLASTIBLEN,Plastiblends India Limited
RAYMONDREL,Raymond Realty Limited
BLBLIMITED,BLB Limited
ARSSBL,Anand Rathi Share and Stock Brokers Limited
VIJAYA,Vijaya Diagnostic Centre Limited
SKIL,SKIL Infrastructure Limited
ASAHIINDIA,Asahi India Glass Limited
BALAJITELE,Balaji Telefilms Limited
ICIL,Indo Count Industries Limited
DALMIASUG,Dalmia Bharat Sugar and Industries Limited
RML,Rane (Madras) Limited
WCIL,Western Carriers (India) Limited
HINDOILEXP,Hindustan Oil Exploration Company Limited
KSL,Kalyani Steels Limited
AYMSYNTEX,AYM Syntex Limited
EXPLEOSOL,Expleo Solutions Limited
STEELCITY,Steel City Securities Limited
KAYA,Kaya Limited
INOXINDIA,INOX India Limited
DEVYANI,Devyani International Limited
VRLLOG,VRL Logistics Limited
BOSCHLTD,Bosch Limited
AEPL,Artemis Electricals and Projects Limited
CASTROLIND,Castrol India Limited
MANUGRAPH,Manugraph India Limited
TEXINFRA,Texmaco Infrastructure & Holdings Limited
ESTER,Ester Industries Limited
JAIPURKURT,Nandani Creation Limited
BGLOBAL,Bharatiya Global Infomedia Limited
DELPHIFX,DELPHI WORLD MONEY LIMITED
STAR,Strides Pharma Science Limited
DANGEE,Dangee Dums Limited
AMBALALSA,Ambalal Sarabhai Enterprises Limited
CARTRADE,Cartrade Tech Limited
AEROPLANE,Amir Chand Jagdish Kumar (Exports) Limited
VOEPL,Virtuoso Optoelectronics Limited
UTLSOLAR,Fujiyama Power Systems Limited
21STCENMGM,21st Century Management Services Limited
BANG,Bang Overseas Limited
PRUDMOULI,Prudential Sugar Corporation Limited
ONWARDTEC,Onward Technologies Limited
LICHSGFIN,LIC Housing Finance Limited
IL&FSENGG,IL&FS Engineering and Construction Company Limited
WORTHPERI,Worth Peripherals Limited
ANTHEM,Anthem Biosciences Limited
VITAL,Vital Chemtech Limited
LLOYDSENGG,LLOYDS ENGINEERING WORKS LIMITED
JINDALSAW,Jindal Saw Limited
MANAKCOAT,Manaksia Coated Metals & Industries Limited
DYCL,Dynamic Cables Limited
SAKHTISUG,Sakthi Sugars Limited
CGCL,Capri Global Capital Limited
BALRAMCHIN,Balrampur Chini Mills Limited
DIVGIITTS,Divgi Torqtransfer Systems Limited
GRAUWEIL,Grauer & Weil India Limited
ETERNAL,ETERNAL LIMITED
GODIGIT,Go Digit General Insurance Limited
PATELRMART,Patel Retail Limited
INDGN,Indegene Limited
WONDERLA,Wonderla Holidays Limited
ELECTCAST,Electrosteel Castings Limited
TFL,Transwarranty Finance Limited
JAYNECOIND,Jayaswal Neco Industries Limited
RANASUG,Rana Sugars Limited
NITINSPIN,Nitin Spinners Limited
PREMCO,Premco Global Limited
TREL,Transindia Real Estate Limited
SHREERAMA,Shree Rama Multi-Tech Limited
RATNAMANI,Ratnamani Metals & Tubes Limited
SARVESHWAR,Sarveshwar Foods Limited
GNA,GNA Axles Limited
SHAREINDIA,Share India Securities Limited
JAMNAAUTO,Jamna Auto Industries Limited
GREENPLY,Greenply Industries Limited
RUDRA,Rudra Global Infra Products Limited
MAHABANK,Bank of Maharashtra
ORIENTHOT,Oriental Hotels Limited
INDOCO,Indoco Remedies Limited
GHCLTEXTIL,GHCL Textiles Limited
ADANIPORTS,Adani Ports and Special Economic Zone Limited
GOACARBON,Goa Carbon Limited
ADROITINFO,Adroit Infotech Limited
KRYSTAL,Krystal Integrated Services Limited
ASKAUTOLTD,ASK Automotive Limited
PREMEXPLN,Premier Explosives Limited
JSWINFRA,JSW Infrastructure Limited
HILINFRA,Highway Infrastructure Limited
GPTINFRA,GPT Infraprojects Limited
HBSL,HB Stockholdings Limited
ADFFOODS,ADF Foods Limited
UNICHEMLAB,Unichem Laboratories Limited
ARTEMISMED,Artemis Medicare Services Limited
RRKABEL,R R Kabel Limited
SIMPLEXINF,Simplex Infrastructures Limited
BALPHARMA,Bal Pharma Limited
ANDHRSUGAR,The Andhra Sugars Limited
SEAMECLTD,Seamec Limited
AMDIND,AMD Industries Limited
PETRONET,Petronet LNG Limited
AURUM,Aurum PropTech Limited
NEAGI,Neelamalai Agro Industries Limited
ZOTA,Zota Health Care LImited
AKSHAR,Akshar Spintex Limited
KRBL,KRBL Limited
BEPL,Bhansali Engineering Polymers Limited
UMIYA-MRO,UMIYA BUILDCON LIMITED
SHYAMMETL,Shyam Metalics and Energy Limited
INTLCONV,International Conveyors Limited
GUFICBIO,Gufic Biosciences Limited
CNL,Creative Newtech Limited
BILVYAPAR,BIL VYAPAR LIMITED
EVERESTIND,Everest Industries Limited
SMLMAH,SML Mahindra Limited
OMAXAUTO,Omax Autos Limited
IWP,The Indian Wood Products Company Limited
ICDSLTD,ICDS Limited
PENIND,Pennar Industries Limited
BAIDFIN,Baid Finserv Limited
JINDWORLD,Jindal Worldwide Limited
MERCURYEV,Mercury Ev-Tech Limited
PNB,Punjab National Bank
ASHOKAMET,Ashoka Metcast Limited
JUBLCPL,Jubilant Agri and Consumer Products Limited
SANATHAN,Sanathan Textiles Limited
VENKEYS,Venky's (India) Limited
HEXAGON,Hexagon Nutrition Limited
DHUNINV,Dhunseri Investments Limited
RISHABH,Rishabh Instruments Limited
544764,Mangalam Drugs And Organics Limited
BTML,Bodhi Tree Multimedia Limited
MWL,Mangalam Worldwide Limited
FERMENTA,Fermenta Biotech Limited
HONASA,Honasa Consumer Limited
PERSISTENT,Persistent Systems Limited
COUNCODOS,Country Condo's Limited
NTPCGREEN,NTPC Green Energy Limited
DOLLAR,Dollar Industries Limited
PROTEAN,Protean eGov Technologies Limited
UNIPARTS,Uniparts India Limited
THEMISMED,Themis Medicare Limited
AHLWEST,Asian Hotels (West) Limited
RADICO,Radico Khaitan Limited
ORIENTCER,ORIENT CERATECH LIMITED
DRREDDY,Dr. Reddy's Laboratories Limited
VAISHALI,Vaishali Pharma Limited
OBCL,OBCL Limited
GIPCL,Gujarat Industries Power Company Limited
SANDESH,The Sandesh Limited
IIFLCAPS,IIFL Capital Services Limited
LGHL,Laxmi Goldorna House Limited
MANBA,Manba Finance Limited
RVTH,Revathi Equipment India Limited
STOVEKRAFT,Stove Kraft Limited
PRIMO,Primo Chemicals Limited
COHANCE,Cohance Lifesciences Limited
RCOM,Reliance Communications Limited
VENUSREM,Venus Remedies Limited
MAHASTEEL,Mahamaya Steel Industries Limited
GUJTHEM,Gujarat Themis Biosyn Limited
KNACK,Knack Packaging Limited
LATTEYS,Latteys Industries Limited
SHIVAMAUTO,Shivam Autotech Limited
SHIVATEX,Shiva Texyarn Limited
EPL,EPL Limited
GLENMARK,Glenmark Pharmaceuticals Limited
GRANDOAK,Grand Oak Canyons Distillery Limited
ACUTAAS,Acutaas Chemicals Limited
HDFCLIFE,HDFC Life Insurance Company Limited
MBAPL,Madhya Bharat Agro Products Limited
EPACKPEB,EPack Prefab Technologies Limited
ICICIGI,ICICI Lombard General Insurance Company Limited
VHL,Vardhman Holdings Limited
KANCHI,Kanchi Karpooram Limited
RSYSTEMS,R Systems International Limited
ZUARIIND,ZUARI INDUSTRIES LIMITED
KAPSTON,Kapston Services Limited
ULTRAMAR,Ultramarine & Pigments Limited
SAYAJIHOTL,Sayaji Hotels Limited
ANUHPHR,Anuh Pharma Limited
DRAGARWQ,Dr Agarwals Eye Hospital Limited
SUNDROP,Sundrop Brands Limited
ZFSTEERING,ZF Steering Gear (India) Limited
VISHWARAJ,Vishwaraj Sugar Industries Limited
SOUTHBANK,The South Indian Bank Limited
AEROENTER,Aeroflex Enterprises Limited
SAIL,Steel Authority of India Limited
VGL,VARVEE GLOBAL LIMITED
GNRL,Gujarat Natural Resources Limited
RKFORGE,Ramkrishna Forgings Limited
GYFTR,Gyftr Limited
AARTISURF,Aarti Surfactants Limited
523660,Waterbase Limited
STARTECK,Starteck Finance Limited
AIROLAM,Airo Lam limited
GVPTECH,GVP Infotech Limited
MAGADSUGAR,Magadh Sugar & Energy Limited
TARSONS,Tarsons Products Limited
SONACOMS,Sona BLW Precision Forgings Limited
TECHNVISN,TechNVision Ventures Limited
PIXTRANS,Pix Transmissions Limited
SIGIND,Signet Industries Limited
FILATFASH,Filatex Fashions Limited
RAJRILTD,Raj Rayon Industries Limited
RUBICON,Rubicon Research Limited
ARVSMART,Arvind SmartSpaces Limited
CONFIPET,Confidence Petroleum India Limited
NETWEB,Netweb Technologies India Limited
ELGIEQUIP,Elgi Equipments Limited
TMB,Tamilnad Mercantile Bank Limited
NILKAMAL,Nilkamal Limited
PARADEEP,Paradeep Phosphates Limited
HAL,Hindustan Aeronautics Limited
SETCO,Setco Automotive Limited
RPTECH,Rashi Peripherals Limited
SADBHIN,Sadbhav Infrastructure Project Limited
CGPOWER,CG Power and Industrial Solutions Limited
CRISIL,Crisil Limited
SEYAIND,Seya Industries Limited
AXITA,Axita Cotton Limited
WINDMACHIN,Windsor Machines Limited
IL&FSTRANS,IL&FS Transportation Networks Limited
TATVA,Tatva Chintan Pharma Chem Limited
NYKAA,FSN E-Commerce Ventures Limited
KRISHNADEF,Krishna Defence And Allied Industries Limited
AFSL,Abans Financial Services Limited
OMNI,Omnitech Engineering Limited
AKCAPIT,AK Capital Services Limited
CLEAN,Clean Science and Technology Limited
DCMSIL,DCM Shriram International Limited
MANGLMCEM,Mangalam Cement Limited
HPAL,HP Adhesives Limited
GLOBECIVIL,Globe Civil Projects Limited
GAYAPROJ,Gayatri Projects Limited
SICAGEN,Sicagen India Limited
GARFIBRES,Garware Technical Fibres Limited
JINDALPOLY,Jindal Poly Films Limited
KOVAI,Kovai Medical Center & Hospital Limited
SHAILY,Shaily Engineering Plastics Limited
DIGIDRIVE,Digidrive Distributors Limited
NIRLON,Nirlon Limited
KAJARIACER,Kajaria Ceramics Limited
CHALET,Chalet Hotels Limited
MANAKSIA,Manaksia Limited
JSWDULUX,JSW Dulux Limited
ASPINWALL,Aspinwall and Company Limited
GOODLUCK,Goodluck India Limited
SILGO,Silgo Retail Limited
MMFL,MM Forgings Limited
CHEVIOT,Cheviot Company Limited
IDEA,Vodafone Idea Limited
EMAMIPAP,Emami Paper Mills Limited
AIIL,Authum Investment & Infrastructure Limited
VOLTAMP,Voltamp Transformers Limited
SAGILITY,SAGILITY LIMITED
LMW,LMW Limited
AXISBANK,Axis Bank Limited
YASHO,Yasho Industries Limited
COALINDIA,Coal India Limited
20MICRONS,20 Microns Limited
TBOTEK,TBO Tek Limited
VMSTMT,VMS TMT Limited
MARALOVER,Maral Overseas Limited
EDUCOMP,Educomp Solutions Limited
SUNCLAY,Sundaram Clayton Limited
SAHYADRI,Sahyadri Industries Limited
MOTHERSON,Samvardhana Motherson International Limited
AEGISLOG,Aegis Logistics Limited
WAKEFIT,Wakefit Innovations Limited
BLUESTONE,BlueStone Jewellery and Lifestyle Limited
WOCKPHARMA,Wockhardt Limited
ZYDUSLIFE,Zydus Lifesciences Limited
CINELINE,Cineline India Limited
LANDSMILL,Landsmill Green Limited
HINDZINC,Hindustan Zinc Limited
FLUOROCHEM,Gujarat Fluorochemicals Limited
GRAVISSHO,Graviss Hospitality Limited
LALPATHLAB,Dr. Lal Path Labs Ltd.
APLLTD,Alembic Pharmaceuticals Limited
SINCLAIR,Sinclairs Hotels Limited
JNKINDIA,JNK India Limited
FRONTSP,Frontier Springs Limited
UNIONBANK,Union Bank of India
WHIRLPOOL,Whirlpool of India Limited
AUSOMENT,Ausom Enterprise Limited
ALKYLAMINE,Alkyl Amines Chemicals Limited
GMRP&UI,GMR Power and Urban Infra Limited
REGAAL,Regaal Resources Limited
UFBL,United Foodbrands Limited
GROWW,Billionbrains Garage Ventures Limited
NINSYS,NINtec Systems Limited
KIRLOSENG,Kirloskar Oil Engines Limited
MUNJALAU,Munjal Auto Industries Limited
HINDCOMPOS,Hindustan Composites Limited
TIIL,Technocraft Industries (India) Limited
LXCHEM,Laxmi Organic Industries Limited
KOTIC,Kothari Industrial Corporation Limited
SUPREMEIND,Supreme Industries Limited
CCHHL,Country Club Hospitality & Holidays Limited
INDNIPPON,India Nippon Electricals Limited
BANSALWIRE,Bansal Wire Industries Limited
MITCON,MITCON Consultancy & Engineering Services Limited
SURAJEST,Suraj Estate Developers Limited
AGASTYAEN,Sanginita Chemicals Limited
JUBLPHARMA,Jubilant Pharmova Limited
GMBREW,GM Breweries Limited
LTFOODS,LT Foods Limited
PATANJALI,Patanjali Foods Limited
ADOR,Ador Welding Limited
SGIL,Synergy Green Industries Limited
BELLACASA,Bella Casa Fashion & Retail Limited
ORBTEXP,Orbit Exports Limited
USHAMART,Usha Martin Limited
SDBL,Som Distilleries & Breweries Limited
MRPL,Mangalore Refinery and Petrochemicals Limited
HEGAM,HEG Limited
KPRMILL,K.P.R. Mill Limited
DHANBANK,Dhanlaxmi Bank Limited
HLEGLAS,HLE Glascoat Limited
CRAFTSMAN,Craftsman Automation Limited
AARTECH,Aartech Solonics Limited
JAYSREETEA,Jayshree Tea & Industries Limited
HEXATRADEX,Hexa Tradex Limited
DAICHI,Dai-Ichi Karkaria Limited
ABSLAMC,Aditya Birla Sun Life AMC Limited
VEDL,Vedanta Limited
SANGAMIND,Sangam (India) Limited
LIKHITHA,Likhitha Infrastructure Limited
VBL,Varun Beverages Limited
SWELECTES,Swelect Energy Systems Limited
ELDEHSG,Eldeco Housing And Industries Limited
KHANDSE,Khandwala Securities Limited
AARTIDRUGS,Aarti Drugs Limited
LOYALTEX,Loyal Textile Mills Limited
APOLLO,Apollo Micro Systems Limited
BECTORFOOD,Mrs. Bectors Food Specialities Limited
PPLPHARMA,Piramal Pharma Limited
AGL,Allcargo Global Limited
MAYURUNIQ,Mayur Uniquoters Ltd
HBLENGINE,HBL Engineering Limited
SMARTWORKS,Smartworks Coworking Spaces Limited
ORCHPHARMA,Orchid Pharma Limited
RPGLIFE,RPG Life Sciences Limited
ATLANTAA,ATLANTAA LIMITED
MODIS,Modis Navnirman Limited
LPDC,Landmark Property Development Company Limited
DHARMAJ,Dharmaj Crop Guard Limited
GLOBE,GLOBE ENTERPRISES (INDIA) LIMITED
MASTERTR,Master Trust Limited
AMRUTANJAN,Amrutanjan Health Care Limited
MPHASIS,MphasiS Limited
KREBSBIO,Krebs Biochemicals and Industries Limited
LAL,Lorenzini Apparels Limited
BEDMUTHA,Bedmutha Industries Limited
UDS,Updater Services Limited
HITECHGEAR,The Hi-Tech Gears Limited
SENORES,Senores Pharmaceuticals Limited
GVT&D,GE Vernova T&D India Limited
TRUALT,TruAlt Bioenergy Limited
ELECON,Elecon Engineering Company Limited
SIS,SIS LIMITED
ICICIAMC,ICICI Prudential Asset Management Company Limited
GRANULES,Granules India Limited
ESAFSFB,ESAF Small Finance Bank Limited
MUFIN,Mufin Green Finance Limited
PAKKA,PAKKA LIMITED
GROBTEA,The Grob Tea Company Limited
CLSEL,Chaman Lal Setia Exports Limited
INDIANB,Indian Bank
COFFEEDAY,Coffee Day Enterprises Limited
SCHAND,S Chand And Company Limited
ELPROINTL,Elpro International Limited
OIL,Oil India Limited
DLF,DLF Limited
STARPAPER,Star Paper Mills Limited
MASKINVEST,Mask Investments Limited
ANANDRATHI,Anand Rathi Wealth Limited
SWARAJ,Swaraj Suiting Limited
LEMONTREE,Lemon Tree Hotels Limited
ANGELONE,Angel One Limited
MCCHRLS-B,Mac Charles India Limited
KOTARISUG,Kothari Sugars And Chemicals Limited
GEOJITFSL,Geojit Financial Services Limited
DECCANCE,Deccan Cements Limited
IDBI,IDBI Bank Limited
KARURVYSYA,Karur Vysya Bank Limited
CAPLIPOINT,Caplin Point Laboratories Limited
ASTRAL,Astral Limited
BHANDARI,Bhandari Hosiery Exports Limited
NIMBSPROJ,Nimbus Projects Limited
VADILALIND,Vadilal Industries Limited
AJANTPHARM,Ajanta Pharma Limited
PRUDENT,Prudent Corporate Advisory Services Limited
AGARWALEYE,Dr. Agarwal's Health Care Limited
MONTECARLO,Monte Carlo Fashions Limited
ORKLAINDIA,Orkla India Limited
5PAISA,5Paisa Capital Limited
DIAMINESQ,Diamines & Chemicals Limited
ANIKINDS,Anik Industries Limited
ALLDIGI,Alldigi Tech Limited
UNIVASTU,Univastu India Limited
JAGSNPHARM,Jagsonpal Pharmaceuticals Limited
APOLLOPIPE,Apollo Pipes Limited
MUKTAARTS,Mukta Arts Limited
PARAS,Paras Defence and Space Technologies Limited
MAHLOG,Mahindra Logistics Limited
TEXRAIL,Texmaco Rail & Engineering Limited
TIRUPATIFL,Tirupati Forge Limited
BVCL,Barak Valley Cements Limited
TEMBO,Tembo Global Industries Limited
RENUKA,Shree Renuka Sugars Limited
GULFOILLUB,Gulf Oil Lubricants India Limited
HALEOSLABS,HALEOS LABS LIMITED
ENRIN,Siemens Energy India Limited
ARTNIRMAN,Art Nirman Limited
GRWRHITECH,Garware Hi-Tech Films Limited
BELRISE,Belrise Industries Limited
NAUKRI,Info Edge (India) Limited
MGEL,Mangalam Global Enterprise Limited
PTL,PTL Enterprises Limited
VPRPL,Vishnu Prakash R Punglia Limited
BSL,BSL Limited
HYBRIDFIN,Hybrid Financial Services Limited
AJAXENGG,Ajax Engineering Limited
UTIAMC,UTI Asset Management Company Limited
523850,Axtel Industries Limited
SHARDAMOTR,Sharda Motor Industries Limited
JSL,Jindal Stainless Limited
EXCELSOFT,Excelsoft Technologies Limited
PML,Paul Merchants Limited
INDHOTEL,The Indian Hotels Company Limited
WIPL,The Western India Plywoods Limited
IIFL,IIFL Finance Limited
INDUSTOWER,Indus Towers Limited
HNDFDS,Hindustan Foods Limited
PURVA,Puravankara Limited
GOKUL,Gokul Refoils and Solvent Limited
POWERINDIA,Hitachi Energy India Limited
CTE,Cambridge Technology Enterprises Limited
NIPPOBATRY,Indo-National Limited
CROWN,Crown Lifters Limited
SCPL,Sheetal Cool Products Limited
MODIRUBBER,Modi Rubber Limited
TRENT,Trent Limited
UMAEXPORTS,Uma Exports Limited
WABAG,VA Tech Wabag Limited
TGBHOTELS,TGB Banquets And Hotels Limited
CMRGREEN,CMR Green Technologies Limited
TALBROAUTO,Talbros Automotive Components Limited
ECLERX,eClerx Services Limited
SHYAMCENT,Shyam Century Ferrous Limited
AHLADA,Ahlada Engineers Limited
SUPRIYA,Supriya Lifescience Limited
SHRINGARMS,Shringar House of Mangalsutra Limited
MANKIND,Mankind Pharma Limited
CHEMBONDCH,Chembond Chemicals Limited
ABCOTS,A B Cotspin India Limited
SKFINDUS,SKF India (Industrial) Limited
EXXARO,Exxaro Tiles Limited
SHINDL,Sharat Industries Limited
SHIVAMILLS,Shiva Mills Limited
HBESD,HB Estate Developers Limited
VISAKAIND,Visaka Industries Limited
ALPHAGEO,Alphageo (India) Limited
CENTRALBK,Central Bank of India
JAGRAN,Jagran Prakashan Limited
VRAJ,Vraj Iron and Steel Limited
CURAA,Cura Technologies Limited
KIRLFER,Kirloskar Ferrous Industries Limited
BANKBARODA,Bank of Baroda
ALGOQUANT,Algoquant Fintech Limited
GLAXO,GlaxoSmithKline Pharmaceuticals Limited
TARAPUR,Tarapur Transformers Limited
PODDARMENT,Poddar Pigments Limited
NURECA,Nureca Limited
MAHESHWARI,Maheshwari Logistics Limited
HISARMETAL,Hisar Metal Industries Limited
PEARLPOLY,Pearl Polymers Limited
BMWVENTLTD,BMW Ventures Limited
STEL,Stel Holdings Limited
ANNAPURNA,Annapurna Swadisht Limited
IRMENERGY,IRM Energy Limited
JOCIL,Jocil Limited
DIGJAMLMTD,Digjam Limited
BALAMINES,Balaji Amines Limited
JMA,Jullundur Motor Agency (Delhi) Limited
KUSUMGAR,Kusumgar Limited
BCG,Brightcom Group Limited
PRAKASH,Prakash Industries Limited
KRISHIVAL,Krishival Foods Limited
DODLA,Dodla Dairy Limited
GVKPIL,GVK Power & Infrastructure Limited
KRSNAA,Krsnaa Diagnostics Limited
SHALPAINTS,Shalimar Paints Limited
SAHLIBHFI,Shalibhadra Finance Limited
UNIVPHOTO,Universus Photo Imagings Limited
CENTEXT,Century Extrusions Limited
THANGAMAYL,Thangamayil Jewellery Limited
TARIL,Transformers And Rectifiers (India) Limited
ARVIND,Arvind Limited
ALANKIT,Alankit Limited
MEIL,Mangal Electrical Industries Limited
NESCO,Nesco Limited
HEXT,Hexaware Technologies Limited
GALAPREC,Gala Precision Engineering Limited
FEL,Future Enterprises Limited
SKIPPER,Skipper Limited
VEEDOL,Veedol Corporation Limited
MAMATA,Mamata Machinery Limited
MFML,Mahalaxmi Fabric Mills Limited
OMPOWER,Om Power Transmission Limited
NATCAPSUQ,Natural Capsules Limited
SUDARCOLOR,Sudarshan Colorants India Limited
BONLON,Bonlon Industries Limited
BEL,Bharat Electronics Limited
STYLAMIND,Stylam Industries Limited
NORTHARC,Northern Arc Capital Limited
RAMASTEEL,Rama Steel Tubes Limited
BANKINDIA,Bank of India
DONEAR,Donear Industries Limited
JINDALPHOT,Jindal Photo Limited
DCW,DCW Limited
SARLAPOLY,Sarla Performance Fibers Limited
DECNGOLD,Deccan Gold Mines Limited
DISAQ,Disa India Limited
SRF,SRF Limited
NUVAMA,Nuvama Wealth Management Limited
EMMBI,Emmbi Industries Limited
VIVIDHA,Visagar Polytex Limited
BIRLANU,BirlaNu Limited
PCBL,PCBL Chemical Limited
PDMJEPAPER,Pudumjee Paper Products Limited
SCI,Shipping Corporation Of India Limited
HALDER,Halder Venture Limited
SHRIPISTON,SPR Auto Technologies Limited
LINCOLN,Lincoln Pharmaceuticals Limited
ESABINDIA,Esab India Limited
JMFINANCIL,JM Financial Limited
CLEANMAX,Clean Max Enviro Energy Solutions Limited
WELSPLSOL,Welspun Specialty Solutions Limited
ASTAR,Asian Star Company Limited
AARTIIND,Aarti Industries Limited
POONAWALLA,Poonawalla Fincorp Limited
LOTUSEYE,Lotus Eye Hospital and Institute Limited
BBTCL,B&B Triplewall Containers Limited
COMPUSOFT,Compucom Software Limited
MCL,M TEK COPPER LIMITED
BHARATSE,Bharat Seats Limited
VIDHIING,Vidhi Specialty Food Ingredients Limited
UNIECOM,Unicommerce Esolutions Limited
RELIABLE,Reliable Data Services Limited
ORICONENT,Oricon Enterprises Limited
UNIDT,United Drilling Tools Limited
BAJAJCON,Bajaj Consumer Care Limited
MADHAV,Madhav Marbles and Granites Limited
SRD,Shankar Lal Rampal Dye-Chem Limited
HINDCOPPER,Hindustan Copper Limited
SGFIN,SG Finserve Limited
BOHRAIND,Bohra Industries Limited
RNBDENIMS,R&B Denims Limited
KNAGRI,KN Agri Resources Limited
PALASHSECU,Palash Securities Limited
DEEPAKNTR,Deepak Nitrite Limited
MOHITIND,Mohit Industries Limited
TECHNOE,Techno Electric & Engineering Company Limited
ORIENTELEC,Orient Electric Limited
STYL,Seshaasai Technologies Limited
TATATECH,Tata Technologies Limited
DRCSYSTEMS,DRC Systems India Limited
RELINFRA,Reliance Infrastructure Limited
LAHOTIOV,Lahoti Overseas Limited
CARRARO,Carraro India Limited
EKC,Everest Kanto Cylinder Limited
SWARAJENG,Swaraj Engines Limited
CONCORDBIO,Concord Biotech Limited
BLKASHYAP,B. L. Kashyap and Sons Limited
SPLIL,SPL Industries Limited
GEECEE,GeeCee Ventures Limited
AWL,AWL Agri Business Limited
SGL,STL Global Limited
INDPRUD,Industrial & Prudential Investment Company Limited
AIRAN,Airan Limited
CONSOFINVT,Consolidated Finvest & Holdings Limited
KEYFINSERV,Keynote Financial Services Limited
IVC,IL&FS Investment Managers Limited
NIRAJ,Niraj Cement Structurals Limited
STUDDS,Studds Accessories Limited
CANBK,Canara Bank
MODTHREAD,Modern Threads (India) Limited
AMBICAAGAR,Ambica Agarbathies & Aroma industries Limited
APOLSINHOT,Apollo Sindoori Hotels Limited
KUANTUM,Kuantum Papers Limited
GARUDA,Garuda Construction and Engineering Limited
DHRUV,Dhruv Consultancy Services Limited
PRIVISCL,Privi Speciality Chemicals Limited
EMMVEE,Emmvee Photovoltaic Power Limited
IGL,Indraprastha Gas Limited
IMAGICAA,Imagicaaworld Entertainment Limited
BAJAJHFL,Bajaj Housing Finance Limited
METROGLOBL,Metroglobal Limited
BANARBEADS,Banaras Beads Limited
3PLAND,3P Land Holdings Limited
NAVA,NAVA LIMITED
BANARISUG,Bannari Amman Sugars Limited
NAGREEKEXP,Nagreeka Exports Limited
HDFCBANK,HDFC Bank Limited
SATIN,Satin Creditcare Network Limited
VSTTILLERS,V.S.T Tillers Tractors Limited
SKFINDIA,SKF India Limited
GANGESSECU,Ganges Securities Limited
INFOMEDIA,Infomedia Press Limited
BRIGADE,Brigade Enterprises Limited
BENGALASM,Bengal & Assam Company Limited
JKPAPER,JK Paper Limited
MALUPAPER,Malu Paper Mills Limited
TRANSPEK,Transpek Industry Limited
BAJAJHCARE,Bajaj Healthcare Limited
RAIN,Rain Industries Limited
DELTAMAGNT,Delta Manufacturing Limited
SUPERHOUSE,Superhouse Limited
WENDT,Wendt (India) Limited
AHLEAST,Asian Hotels (East) Limited
CDSL,Central Depository Services (India) Limited
BIMETAL,Bimetal Bearings Limited
ASHIANA,Ashiana Housing Limited
JSWHL,JSW Holdings Limited
WEALTH,Wealth First Portfolio Managers Limited
SIEMENS,Siemens Limited
DCI,Dc Infotech And Communication Limited
NORBTEAEXP,Norben Tea & Exports Limited
NECLIFE,Nectar Lifesciences Limited
VARDHACRLC,Vardhman Acrylics Limited
UNITECH,Unitech Limited
PHOENIXLTD,The Phoenix Mills Limited
PRINCEPIPE,Prince Pipes And Fittings Limited
TREJHARA,TREJHARA SOLUTIONS LIMITED
CINEVISTA,Cinevista Limited
VIPCLOTHNG,VIP Clothing Limited
ITCHOTELS,ITC Limited
ITCHOTELS,ITC Hotels Limited
POWERMECH,Power Mech Projects Limited
CANTABIL,Cantabil Retail India Limited
AUBANK,AU Small Finance Bank Limited
ICICIBANK,ICICI Bank Limited
ATLASCYCLE,Atlas Cycles (Haryana) Limited
FEDFINA,Fedbank Financial Services Limited
CSLFINANCE,CSL Finance Limited
NITIRAJ,Nitiraj Engineers Limited
PENINLAND,Peninsula Land Limited
NOVAAGRI,Nova Agritech Limited
BGRENERGY,BGR Energy Systems Limited
LORDSCHLO,Lords Chloro Alkali Limited
TRIGYN,Trigyn Technologies Limited
GRINDWELL,Grindwell Norton Limited
KOTYARK,Kotyark Industries Limited
TTKHLTCARE,TTK Healthcare Limited
PIRAMALFIN,Piramal Finance Limited
HAWKINCOOK,Hawkins Cookers Limited
KHAITANLTD,Khaitan (India) Limited
MARKOLINES,Markolines Pavement Technologies Limited
ADSL,Allied Digital Services Limited
INTENTECH,Intense Technologies Limited
SHOPERSTOP,Shoppers Stop Limited
INDIGOPNTS,Indigo Paints Limited
TAINWALCHM,Tainwala Chemical and Plastic (I) Limited
RHL,Robust Hotels Limited
DATAPATTNS,Data Patterns (India) Limited
MGL,Mahanagar Gas Limited
SIRCA,Sirca Paints India Limited
THEJO,Thejo Engineering Limited
RUCHIRA,Ruchira Papers Limited
RADHIKAJWE,Radhika Jeweltech Limited
SIL,Standard Industries Limited
TRANSWORLD,TRANSWORLD SHIPPING LINES LIMITED
RAJVIR,Rajvir Industries Limited
ABBOTINDIA,Abbott India Limited
KCP,KCP Limited
IKS,Inventurus Knowledge Solutions Limited
KRITINUT,Kriti Nutrients Limited
QUESS,Quess Corp Limited
RAJMET,Rajnandini Metal Limited
RAMCOSYS,Ramco Systems Limited
EIHAHOTELS,EIH Associated Hotels Limited
TCIFINANCE,TCI Finance Limited
TIMKEN,Timken India Limited
PFS,PTC India Financial Services Limited
BHARTIHEXA,Bharti Hexacom Limited
DAMCAPITAL,Dam Capital Advisors Limited
PRAENG,Prajay Engineers Syndicate Limited
GKWLIMITED,GKW Limited
IDFCFIRSTB,IDFC First Bank Limited
TRANSRAILL,Transrail Lighting Limited
WPIL,WPIL Limited
VINEETLAB,Vineet Laboratories Limited
RSSOFTWARE,R. S. Software (India) Limited
LAKPRE,Lakshmi Precision Screws Limited
EMCURE,Emcure Pharmaceuticals Limited
LT,Larsen & Toubro Limited
OFSS,Oracle Financial Services Software Limited
HIKAL,Hikal Limited
CEATLTD,CEAT Limited
CYBERTECH,Cybertech Systems And Software Limited
MAHEPC,Mahindra EPC Irrigation Limited
MOTOGENFIN,The Motor & General Finance Limited
INTERARCH,Interarch Building Solutions Limited
MKPL,M K Proteins Limited
PROSTARM,Prostarm Info Systems Limited
UNIINFO,Uniinfo Telecom Services Limited
GLFL,Gujarat Lease Financing Limited
GILLETTE,Gillette India Limited
SESHAPAPER,Seshasayee Paper and Boards Limited
MALLCOM,Mallcom (India) Limited
GSLSU,Global Surfaces Limited
TASTYBITE,Tasty Bite Eatables Limited
EQUIPPP,Equippp Social Impact Technologies Limited
BAJAJHLDNG,Bajaj Holdings & Investment Limited
BLUESTARCO,Blue Star Limited
KIRANVYPAR,Kiran Vyapar Limited
GAIL,GAIL (India) Limited
VSTL,Vibhor Steel Tubes Limited
ADVANIHOTR,Advani Hotels & Resorts (India) Limited
CORONA,CORONA Remedies Limited
AMJLAND,Amj Land Holdings Limited
PPL,Prakash Pipes Limited
GOLDENTOBC,Golden Tobacco Limited
ALKEM,Alkem Laboratories Limited
BLACKROSE,Black Rose Inds. Limited
VASCONEQ,Vascon Engineers Limited
SPCENET,Spacenet Enterprises India Limited
ZENTEC,Zen Technologies Limited
CREATIVEYE,Creative Eye Limited
FINPIPE,Finolex Industries Limited
JINDRILL,Jindal Drilling And Industries Limited
APOLLOTYRE,Apollo Tyres Limited
TRU,TruCap Finance Limited
GSFC,Gujarat State Fertilizers & Chemicals Limited
DCMSHRIRAM,DCM Shriram Limited
SADHNANIQ,Sadhana Nitrochem Limited
RACE,Race Eco Chain Limited
KEI,KEI Industries Limited
INGERRAND,Ingersoll Rand (India) Limited
SAGARDEEP,Sagardeep Alloys Limited
SBFC,SBFC Finance Limited
SAREGAMA,Saregama India Limited
UNOMINDA,UNO Minda Limited
LICI,Life Insurance Corporation Of India
ITDC,India Tourism Development Corporation Limited
STARHEALTH,Star Health and Allied Insurance Company Limited
ORTINGLOBE,ORTIN GLOBAL LIMITED
CANHLIFE,Canara HSBC Life Insurance Company Limited
SUVEN,Suven Life Sciences Limited
NKIND,NK Industries Limited
GENUSPOWER,Genus Power Infrastructures Limited
ORIENTLTD,Orient Press Limited
POLYMED,Poly Medicure Limited
HEALTHX,Health X Platform Limited
BCPL,BCPL Railway Infrastructure Limited
ONGC,Oil & Natural Gas Corporation Limited
NITTAGELA,Nitta Gelatin India Limited
WEIZMANIND,Weizmann Limited
TECHM,Tech Mahindra Limited
3IINFOLTD,3i Infotech Limited
STERTOOLS,Sterling Tools Limited
KHAICHEM,Khaitan Chemicals & Fertilizers Limited
AVL,Aditya Vision Limited
MBLINFRA,MBL Infrastructure Limited
ZEEMEDIA,Zee Media Corporation Limited
ROHLTD,Royal Orchid Hotels Limited
VLEGOV,VL E-Governance & IT Solutions Limited
DGCONTENT,Digicontent Limited
ORIENTALTL,Oriental Trimex Limited
DEN,Den Networks Limited
DIXON,Dixon Technologies (India) Limited
ORTEL,Ortel Communications Limited
SBIN,State Bank of India
ANURAS,Anupam Rasayan India Limited
RADIANTCMS,Radiant Cash Management Services Limited
VGUARD,V-Guard Industries Limited
BHARTIARTL,Bharti Airtel Limited
VIKASLIFE,Vikas Lifecare Limited
OBEROIRLTY,Oberoi Realty Limited
BLIL,Balmer Lawrie Investments Limited
MRF,MRF Limited
TMCV,Tata Motors Limited
FORCEMOT,FORCE MOTORS LTD
CMLL,Caliber Mining and Logistics Limited
DABUR,Dabur India Limited
MENNPIS,Menon Pistons Limited
POLYPLEX,Polyplex Corporation Limited
PAGEIND,Page Industries Limited
COMPINFO,Compuage Infocom Limited
TIPSMUSIC,Tips Music Limited
GANESHBE,Ganesh Benzoplast Limited
BUILDPRO,Shankara Buildpro Limited
BUILDPRO,Shankara Building Products Limited
AEGISVOPAK,Aegis Vopak Terminals Limited
POLYCAB,Polycab India Limited
PILANIINVS,Pilani Investment and Industries Corporation Limited
PRAJIND,Praj Industries Limited
LTTS,L&T Technology Services Limited
APCOTEXIND,Apcotex Industries Limited
TATACOMM,Tata Communications Limited
RIIL,Reliance Industrial Infrastructure Limited
DCMSRIND,DCM Shriram Industries Limited
NIACL,The New India Assurance Company Limited
SANWARIA,Sanwaria Consumer Limited
INFOBEAN,InfoBeans Technologies Limited
KEEPLEARN,DSJ Keep Learning Limited
RRIL,RRIL Limited
SARDAEN,Sarda Energy & Minerals Limited
EMAMILTD,Emami Limited
HEROMOTOCO,Hero MotoCorp Limited
GAEL,Gujarat Ambuja Exports Limited
NUCLEUS,Nucleus Software Exports Limited
BSHSL,Bombay Super Hybrid Seeds Limited
JSWSTEEL,JSW Steel Limited
BHARATCOAL,Bharat Coking Coal Limited
ELGIRUBCO,Elgi Rubber Company Limited
JUBLFOOD,Jubilant Foodworks Limited
HEADSUP,Heads UP Ventures Limited
IMPAL,India Motor Parts and Accessories Limited
BALAXI,BALAXI PHARMACEUTICALS LIMITED
LUMAXIND,Lumax Industries Limited
EVEREADY,Eveready Industries India Limited
FCSSOFT,FCS Software Solutions Limited
NSLNISP,NMDC Steel Limited
HINDALCO,Hindalco Industries Limited
PIDILITIND,Pidilite Industries Limited
KSB,Ksb Limited
TCI,Transport Corporation of India Limited
SPIC,Southern Petrochemicals Industries Corporation  Limited
KKCL,Kewal Kiran Clothing Limited
PDSL,PDS Limited
FAIRCHEMOR,Fairchem Organics Limited
JYOTHYLAB,Jyothy Labs Limited
RAMANEWS,Shree Rama Newsprint Limited
INCREDIBLE,INCREDIBLE INDUSTRIES LIMITED
SAIPARENT,Sai Parenterals Limited
FIVESTAR,Five-Star Business Finance Limited
TECILCHEM,TECIL Chemicals and Hydro Power Limited
NOCIL,NOCIL Limited
ONESOURCE,Onesource Specialty Pharma Limited
VSTIND,VST Industries Limited
PATINTLOG,Patel Integrated Logistics Limited
CSBBANK,CSB Bank Limited
REGENCERAM,Regency Ceramics Limited
TREEHOUSE,Tree House Education & Accessories Limited
BASF,BASF India Limited
ANANTRAJ,Anant Raj Limited
TATASTEEL,Tata Steel Limited
PRICOLLTD,Pricol Limited
BANDHANBNK,Bandhan Bank Limited
NHPC,NHPC Limited
SPAL,S. P. Apparels Limited
TITAGARH,TITAGARH RAIL SYSTEMS LIMITED
360ONE,360 ONE WAM LIMITED
INDIGO,InterGlobe Aviation Limited
NUVOCO,Nuvoco Vistas Corporation Limited
SAKUMA,Sakuma Exports Limited
STEELXIND,STEEL EXCHANGE INDIA LIMITED
SURANASOL,Surana Solar Limited
THACKER,Thacker & Company Limited
RITES,RITES Limited
HPIL,Hindprakash Industries Limited
IONEXCHANG,ION Exchange (India) Limited
MBEL,M & B Engineering Limited
ANTGRAPHIC,Antarctica Limited
LOVABLE,Lovable Lingerie Limited
PALREDTEC,Palred Technologies Limited
SIGNPOST,Signpost India Limited
VEDPOWER,Vedanta Power Limited
SHREYANIND,Shreyans Industries Limited
GTPL,GTPL Hathway Limited
JINDALSTEL,JINDAL STEEL LIMITED
AJMERA,Ajmera Realty & Infra India Limited
SAATVIKGL,Saatvik Green Energy Limited
AYE,Aye Finance Limited
SURYALA,Suryalata Spinning Mills Limited
KMSUGAR,K.M.Sugar Mills Limited
ACCELYA,Accelya Solutions India Limited
ZENITHEXPO,Zenith Exports Limited
MURUDCERA,Murudeshwar Ceramics Limited
KIRLPNU,Kirloskar Pneumatic Company Limited
MUTHOOTFIN,Muthoot Finance Limited
EMBDL,Embassy Developments Limited
OLAELEC,Ola Electric Mobility Limited
ABB,ABB India Limited
BSE,BSE Limited
TVSSCS,TVS Supply Chain Solutions Limited
RALLIS,Rallis India Limited
VIKASECO,Vikas EcoTech Limited
NCLIND,NCL Industries Limited
AARON,Aaron Industries Limited
DAMODARIND,Damodar Industries Limited
YESBANK,Yes Bank Limited
ELCIDIN,EL CID Investments Limited
MOSCHIP,Moschip Technologies Limited
BANCOINDIA,Banco Products (I) Limited
MADHAVIPL,Madhav Infra Projects Limited
BIRLACORPN,Birla Corporation Limited
MARICO,Marico Limited
ABCAPITAL,Aditya Birla Capital Limited
TATAPOWER,Tata Power Company Limited
JUSTDIAL,Just Dial Limited
SURYALAXMI,Suryalakshmi Cotton Mills Limited
MAITHANALL,Maithan Alloys Limited
RUSTOMJEE,Keystone Realtors Limited
DATAMATICS,Datamatics Global Services Limited
INDOWIND,Indowind Energy Limited
MAGNUM,Magnum Ventures Limited
NAVNETEDUL,Navneet Education Limited
RPSGVENT,RPSG VENTURES LIMITED
THEINVEST,The Investment Trust Of India Limited
ROML,Raj Oil Mills Limited
GOPAL,Gopal Snacks Limited
CREST,Crest Ventures Limited
ROTO,Roto Pumps Limited
SIKA,Sika Interplant Systems Limited
INNOVANA,Innovana Thinklabs Limited
VTL,Vardhman Textiles Limited
UNITDSPR,United Spirits Limited
AURUS,AURUS GEM CORPORATION LIMITED
ODIGMA,Odigma Consultancy Solutions Limited
KALYANKJIL,Kalyan Jewellers India Limited
VLSFINANCE,VLS Finance Limited
APCL,Anjani Portland Cement Limited
SURYODAY,Suryoday Small Finance Bank Limited
NEPHROPLUS,Nephrocare Health Services Limited
LLOYDSME,Lloyds Metals And Energy Limited
FEDERALBNK,The Federal Bank  Limited
CEWATER,Concord Enviro Systems Limited
AUTOIND,Autoline Industries Limited
BALMLAWRIE,Balmer Lawrie & Company Limited
MEDANTA,Global Health Limited
SCHAEFFLER,Schaeffler India Limited
SUNPHARMA,Sun Pharmaceutical Industries Limited
NAM-INDIA,Nippon Life India Asset Management Limited
RITCO,Ritco Logistics Limited
CAPITALSFB,Capital Small Finance Bank Limited
MASTEK,Mastek Limited
COSMOFIRST,COSMO FIRST LIMITED
DLINKINDIA,D-Link (India) Limited
LLOYDSENT,Lloyds Enterprises Limited
NSIL,Nalwa Sons Investments Limited
THOMASCOOK,Thomas Cook  (India)  Limited
EXICOM,Exicom Tele-Systems Limited
INDIAMART,Indiamart Intermesh Limited
NTPC,NTPC Limited
BAGFILMS,B.A.G Films and Media Limited
IOB,Indian Overseas Bank
BRIGHOTEL,Brigade Hotel Ventures Limited
UTKARSHBNK,Utkarsh Small Finance Bank Limited
DOMS,DOMS Industries Limited
KFINTECH,Kfin Technologies Limited
CEREBRAINT,Cerebra Integrated Technologies Limited
VERTOZ,Vertoz Limited
APTECHT,Aptech Limited
TNPL,Tamil Nadu Newsprint & Papers Limited
WEWORK,WeWork India Management Limited
VIYASH,Viyash Scientific Limited
PRSMJOHNSN,Prism Johnson Limited
ZENITHSTL,Zenith Steel Pipes & Industries Limited
AKASH,Akash Infra-Projects Limited
GABRIEL,Gabriel India Limited
COMFINTE,Comfort Intech Limited
VESUVIUS,Vesuvius India Limited
IRCTC,Indian Railway Catering And Tourism Corporation Limited
KIRLOSBROS,Kirloskar Brothers Limited
MANORG,Mangalam Organics Limited
ICICIPRULI,ICICI Prudential Life Insurance Company Limited
NDLVENTURE,NDL Ventures Limited
ULTRACEMCO,UltraTech Cement Limited
APOLLOHOSP,Apollo Hospitals Enterprise Limited
CCL,CCL Products (India) Limited
SRTL,Shree Ram Twistex Limited
CIFL,Capital India Finance Limited
RHIM,RHI MAGNESITA INDIA LIMITED
SEPC,SEPC Limited
WALCHANNAG,Walchandnagar Industries Limited
CIPLA,Cipla Limited
GRASIM,Grasim Industries Limited
DCMFINSERV,DCM Financial Services Limited
SBILIFE,SBI Life Insurance Company Limited
CIEINDIA,CIE Automotive India Limited
BLAL,BEML Land Assets Limited
TORNTPHARM,Torrent Pharmaceuticals Limited
GANESHHOU,GANESH HOUSING LIMITED
BNALTD,B & A Limited
SHBAJRG,Shri Bajrang Alliance Limited
KOTHARIPRO,Kothari Products Limited
EPIGRAL,Epigral Limited
TITAN,Titan Company Limited
MEDPLUS,Medplus Health Services Limited
AAKASH,Aakash Exploration Services Limited
NIBL,NRB Industrial Bearings Limited
HOMEFIRST,Home First Finance Company India Limited
DMART,Avenue Supermarts Limited
BSOFT,BIRLASOFT LIMITED
ADANIGREEN,Adani Green Energy Limited
JKIL,J.Kumar Infraprojects Limited
HMT,HMT Limited
CENTENKA,Century Enka Limited
TATACHEM,Tata Chemicals Limited
MUTHOOTCAP,Muthoot Capital Services Limited
LASERPOWER,Laser Power & Infra Limited
ADANIPOWER,Adani Power Limited
KAMAHOLD,Kama Holdings Limited
TVSMOTOR,TVS Motor Company Limited
CHOLAHLDNG,Cholamandalam Financial Holdings Limited
GVPIL,GE Power India Limited
INDOTECH,Indo Tech Transformers Limited
HTMEDIA,HT Media Limited
RADAAN,Radaan Mediaworks India Limited
AVANTEL,Avantel Limited
NGIL,Nakoda Group of Industries Limited
AARVI,Aarvi Encon Limited
IKIO,IKIO Technologies Limited
JKCEMENT,JK Cement Limited
RELCHEMQ,Reliance Chemotex Industries Limited
PREMIER,Premier Limited
TCS,Tata Consultancy Services Limited
INDRAMEDCO,Indraprastha Medical Corporation Limited
BFINVEST,BF Investment Limited
PSB,Punjab & Sind Bank
BERGEPAINT,Berger Paints (I) Limited
ASAHISONG,Asahi Songwon Colors Limited
PNGJL,P N Gadgil Jewellers Limited
GTL,GTL Limited
LUXIND,Lux Industries Limited
PARKHOSPS,Park Medi World Limited
ESSENTIA,Integra Essentia Limited
GRAVITA,Gravita India Limited
DEEPAKFERT,Deepak Fertilizers and Petrochemicals Corporation Limited
BIOFILCHEM,Biofil Chemicals & Pharmaceuticals Limited
GINNIFILA,Ginni Filaments Limited
GOCOLORS,Go Fashion (India) Limited
519421,KSE Limited
CHEMFAB,Chemfab Alkalis Limited
NESTLEIND,Nestle India Limited
EXCELINDUS,Excel Industries Limited
FABTECH,Fabtech Technologies Limited
DEEDEV,DEE Development Engineers Limited
CARERATING,CARE Ratings Limited
KANSAINER,Kansai Nerolac Paints Limited
KNRCON,KNR Constructions Limited
MPSLTD,MPS Limited
SPARC,Sun Pharma Advanced Research Company Limited
AFFORDABLE,Affordable Robotic & Automation Limited
DOLATALGO,Dolat Algotech Limited
RATEGAIN,Rategain Travel Technologies Limited
VMM,Vishal Mega Mart Limited
ORIENTTECH,Orient Technologies Limited
EIHOTEL,EIH Limited
RAJRATAN,Rajratan Global Wire Limited
UCOBANK,UCO Bank
URAVIDEF,Uravi Defence and Technology Limited
HCLTECH,HCL Technologies Limited
EICHERMOT,Eicher Motors Limited
HDIL,Housing Development and Infrastructure Limited
CANFINHOME,Can Fin Homes Limited
TRAVELFOOD,Travel Food Services Limited
NEUEON,Neueon Corporation Limited
BAJAJELEC,Bajaj Electricals Limited
NAHARCAP,Nahar Capital and Financial Services Limited
J&KBANK,The Jammu & Kashmir Bank Limited
CUMMINSIND,Cummins India Limited
DHARAN,DHARAN INFRA-EPC LIMITED
GOKULAGRO,Gokul Agro Resources Limited
AKG,Akg Exim Limited
GICHSGFIN,GIC Housing Finance Limited
INDTERRAIN,Indian Terrain Fashions Limited
METROPOLIS,Metropolis Healthcare Limited
BRITANNIA,Britannia Industries Limited
JAYAGROGN,Jayant Agro Organics Limited
BAJEL,Bajel Projects Limited
CAMPUS,Campus Activewear Limited
ASTRAMICRO,Astra Microwave Products Limited
LFIC,Lakshmi Finance & Industrial Corporation Limited
VENTIVE,Ventive Hospitality Limited
ARVINDFASN,Arvind Fashions Limited
TSFINV,TSF INVESTMENTS LIMITED
TRF,TRF Limited
NEXTMEDIA,Next Mediaworks Limited
TATAINVEST,Tata Investment Corporation Limited
EIDPARRY,EID Parry India Limited
SNOWMAN,Snowman Logistics Limited
UNIENTER,Uniphos Enterprises Limited
FOODSIN,Foods & Inns Limited
APEX,Apex Frozen Foods Limited
KARMAENG,Karma Energy Limited
HCG,Healthcare Global Enterprises Limited
WAAREERTL,Waaree Renewable Technologies Limited
RAJTV,Raj Television Network Limited
GENCON,Generic Engineering Construction and Projects Limited
INNOVISION,Innovision Limited
POWERGRID,Power Grid Corporation of India Limited
SUNTECK,Sunteck Realty Limited
SUPRAJIT,Suprajit Engineering Limited
HINDUNILVR,Hindustan Unilever Limited
DREAMFOLKS,Dreamfolks Services Limited
TRIDENT,Trident Limited
SANGHVIMOV,Sanghvi Movers Limited
DIAMONDYD,Prataap Snacks Limited
MANAKALUCO,Manaksia Aluminium Company Limited
ESCORTS,Escorts Kubota Limited
WSI,W S Industries (I) Limited
MICEL,MIC Electronics Limited
SCILAL,Shipping Corporation of India Land and Assets Limited
GRINFRA,G R Infraprojects Limited
TAJGVK,Taj GVK Hotels & Resorts Limited
HATHWAY,Hathway Cable & Datacom Limited
RESPONIND,Responsive Industries Limited
REPL,Rudrabhishek Enterprises Limited
NIBE,NIBE Limited
INDOUS,Indo Us Biotech Limited
VIMTALABS,Vimta Labs Limited
PATELENG,Patel Engineering Limited
GREAVESCOT,Greaves Cotton Limited
ABMINTLLTD,ABM International Limited
HCC,Hindustan Construction Company Limited
JPOLYINVST,Jindal Poly Investment and Finance Company Limited
IOC,Indian Oil Corporation Limited
MINDACORP,Minda Corporation Limited
TOUCHWOOD,Touchwood Entertainment Limited
TVTODAY,TV Today Network Limited
RSWM,RSWM Limited
HERANBA,Heranba Industries Limited
DALBHARAT,Dalmia Bharat Limited
SYNGENE,Syngene International Limited
SHRADHA,Shradha Realty Limited
INSPIRISYS,Inspirisys Solutions Limited
BPCL,Bharat Petroleum Corporation Limited
MEGASTAR,Megastar Foods Limited
YATRA,Yatra Online Limited
ZENSARTECH,Zensar Technologies Limited
INFY,Infosys Limited
SHEMAROO,Shemaroo Entertainment Limited
MAXIND,Max India Limited
NIVABUPA,Niva Bupa Health Insurance Company Limited
SUMMITSEC,Summit Securities Limited
ADL,Archidply Decor Limited
AADHARHFC,Aadhar Housing Finance Limited
RAMCOIND,Ramco Industries Limited
SANOFI,Sanofi India Limited
HSCL,Himadri Speciality Chemical Limited
HDFCAMC,HDFC Asset Management Company Limited
KECL,Kirloskar Electric Company Limited
SURYAROSNI,Surya Roshni Limited
VISL,Vedanta Iron and Steel Limited
PRITIKAUTO,Pritika Auto Industries Limited
540680,KIOCL Limited
INDIASHLTR,India Shelter Finance Corporation Limited
INVENTURE,Inventure Growth & Securities Limited
ZUARI,Zuari Agro Chemicals Limited
MAHSCOOTER,Maharashtra Scooters Limited
MOKSH,Moksh Ornaments Limited
BLUECOAST,Blue Coast Hotels Limited
COLPAL,Colgate Palmolive (India) Limited
GAYAHWS,Gayatri Highways Limited
QUICKHEAL,Quick Heal Technologies Limited
SURANAT&P,Surana Telecom and Power Limited
TENNIND,Tenneco Clean Air India Limited
DBSTOCKBRO,DB (International) Stock Brokers Limited
AFCONS,Afcons Infrastructure Limited
OSWALGREEN,Oswal Greentech Limited
CORALFINAC,Coral India Finance & Housing Limited
MANCREDIT,Mangal Credit and Fincorp Limited
INSECTICID,Insecticides (India) Limited
TEJASNET,Tejas Networks Limited
BLS,BLS International Services Limited
RUBFILA,Rubfila International Limited
FIBERWEB,Fiberweb (India) Limited
MARATHON,Marathon Nextgen Realty Limited
FACT,Fertilizers and Chemicals Travancore Limited
LAXMIDENTL,Laxmi Dental Limited
ZODIACLOTH,Zodiac Clothing Company Limited
HYUNDAI,Hyundai Motor India Limited
PREMIERENE,Premier Energies Limited
RAJPALAYAM,Rajapalayam Mills Limited
UNITEDTEA,The United Nilgiri Tea Estates Company Limited
ADANIENT,Adani Enterprises Limited
GICRE,General Insurance Corporation of India
TATACONSUM,TATA CONSUMER PRODUCTS LIMITED
HONDAPOWER,Honda India Power Products Limited
SUTLEJTEX,Sutlej Textiles and Industries Limited
RAJSREESUG,Rajshree Sugars & Chemicals Limited
SHRIRAMFIN,Shriram Finance Limited
TATACAP,Tata Capital Limited
EFCIL,EFC (I) Limited
LTM,LTM Limited
IRB,IRB Infrastructure Developers Limited
GLOBUSSPR,Globus Spirits Limited
TIL,TIL Limited
GKENERGY,GK Energy Limited
AROGRANITE,Aro Granite Industries Limited
SCHNEIDER,Schneider Electric Infrastructure Limited
PFOCUS,Prime Focus Limited
ARSHIYA,Arshiya Limited
ATUL,Atul Limited
VIPIND,VIP Industries Limited
NH,Narayana Hrudayalaya Ltd.
FINOPB,Fino Payments Bank Limited
NATIONALUM,National Aluminium Company Limited
SUNDRMBRAK,Sundaram Brake Linings Limited
EXIDEIND,Exide Industries Limited
SHARDACROP,Sharda Cropchem Limited
EQUITASBNK,Equitas Small Finance Bank Limited
GOYALALUM,Goyal Aluminiums Limited
FRACTAL,Fractal Analytics Limited
WIPRO,Wipro Limited
VISACHROME,VISA Chrome Limited
CHOICEIN,Choice International Limited
MAHLIFE,Mahindra Lifespace Developers Limited
KPIGREEN,KPI Green Energy Limited
KICL,Kalyani Investment Company Limited
ACEINTEG,Ace Integrated Solutions Limited
SINTERCOM,Sintercom India Limited
KAMOPAINTS,Kamdhenu Ventures Limited
BATAINDIA,Bata India Limited
EASEMYTRIP,Easy Trip Planners Limited
IFBIND,IFB Industries Limited
TARC,TARC Limited
MSPL,MSP Steel & Power Limited
GATEWAY,Gateway Distriparks Limited
ISHANCH,Ishan Dyes and Chemicals Limited
XCHANGING,Xchanging Solutions Limited
MMTC,MMTC Limited
WAAREEENER,Waaree Energies Limited
BRNL,Bharat Road Network Limited
AWFIS,Awfis Space Solutions Limited
KIRLOSIND,Kirloskar Industries Limited
MFSL,Max Financial Services Limited
SUKHJITS,Sukhjit Starch & Chemicals Limited
RAMCOCEM,The Ramco Cements Limited
PLATIND,Platinum Industries Limited
GOCLCORP,GOCL Corporation Limited
NFL,National Fertilizers Limited
GHCL,GHCL Limited
KSCL,Kaveri Seed Company Limited
ZYDUSWELL,Zydus Wellness Limited
DBL,Dilip Buildcon Limited
ACCURACY,Accuracy Shipping Limited
KESORAMIND,Kesoram Industries Limited
THAKDEV,Thakkers Developers Limited
RUSHIL,Rushil Decor Limited
BAJAJINDEF,Indef Manufacturing Limited
SIYSIL,Siyaram Silk Mills Limited
LINDEINDIA,Linde India Limited
KIMS,Krishna Institute of Medical Sciences Limited
AMBER,Amber Enterprises India Limited
BESTAGRO,Best Agrolife Limited
ICRA,ICRA Limited
GUJAPOLLO,Gujarat Apollo Industries Limited
EMAMIREAL,Emami Realty Limited
ROSSELLIND,Rossell India Limited
ENDURANCE,Endurance Technologies Limited
AUTOAXLES,Automotive Axles Limited
CARYSIL,CARYSIL LIMITED
PUNJABCHEM,Punjab Chemicals & Crop Protection Limited
BDL,Bharat Dynamics Limited
NCC,NCC Limited
AFFLE,Affle 3i Limited
SAMPANN,Sampann Utpadan India Limited
NATHBIOGEN,Nath Bio-Genes (India) Limited
BIRLAMONEY,Aditya Birla Money Limited
MADRASFERT,Madras Fertilizers Limited
KAUSHALYA,Kaushalya Infrastructure Development Corporation Limited
ITI,ITI Limited
IFBAGRO,IFB Agro Industries Limited
ERIS,Eris Lifesciences Limited
TOKYOPLAST,Tokyo Plast International Limited
ARMANFIN,Arman Financial Services Limited
RPPINFRA,R.P.P. Infra Projects Limited
KSOLVES,Ksolves India Limited
RAILTEL,Railtel Corporation Of India Limited
COCHINSHIP,Cochin Shipyard Limited
SIGNATURE,Signatureglobal (India) Limited
PRESTIGE,Prestige Estates Projects Limited
VOGL,Vedanta Oil and Gas Limited
ZFCVINDIA,ZF Commercial Vehicle Control Systems India Limited
JARO,Jaro Institute of Technology Management and Research Limited
TICL,Twamev Construction and Infrastructure Limited
SOMICONVEY,Somi Conveyor Beltings Limited
LODHA,Lodha Developers Limited
VARDMNPOLY,Vardhman Polytex Limited
CMICABLES,CMI Limited
UJJIVANSFB,Ujjivan Small Finance Bank Limited
NGLFINE,NGL Fine-Chem Limited
MONARCH,Monarch Networth Capital Limited
KAYNES,Kaynes Technology India Limited
IPL,India Pesticides Limited
NOIDATOLL,Noida Toll Bridge Company Limited
BYKE,The Byke Hospitality Ltd
SEIL,Shanti Educational Initiatives Limited
KALPATARU,Kalpataru Limited
REDTAPE,Redtape Limited
ACI,Archean Chemical Industries Limited
NATCOPHARM,Natco Pharma Limited
IREDA,Indian Renewable Energy Development Agency Limited
ORISSAMINE,The Orissa Minerals Development Company Limited
REPCOHOME,Repco Home Finance Limited
SOBHA,Sobha Limited
TEAMLEASE,Teamlease Services Limited
GMRAIRPORT,GMR AIRPORTS LIMITED
RKSWAMY,R K Swamy Limited
IFCI,IFCI Limited
SELMC,SEL Manufacturing Company Limited
MHRIL,Mahindra Holidays & Resorts India Limited
COCKERILL,John Cockerill India Limited
HDBFS,HDB Financial Services Limited
SWANCORP,SWAN CORP LIMITED
SINDHUTRAD,Sindhu Trade Links Limited
DDEVPLSTIK,Ddev Plastiks Industries Limited
SHREDIGCEM,Shree Digvijay Cement Co.Ltd
IGARASHI,Igarashi Motors India Limited
BALAJEE,Shree Tirupati Balajee Agro Trading Company Limited
HCL-INSYS,HCL Infosystems Limited
SBIFUNDS,SBI Funds Management Limited
NDGL,Naga Dhunseri Group Limited
JISLJALEQS,Jain Irrigation Systems Limited
DBEIL,Deepak Builders & Engineers India Limited
PRAKASHSTL,Prakash Steelage Limited
IZMO,IZMO Limited
ASIANPAINT,Asian Paints Limited
INDUSINDBK,IndusInd Bank Limited
MANAPPURAM,Manappuram Finance Limited
KANANIIND,Kanani Industries Limited
BBL,Bharat Bijlee Limited
NMDC,NMDC Limited
GRADIENTE,Gradiente Infotainment Limited
RELIGARE,Religare Enterprises Limited
FLAIR,Flair Writing Industries Limited
ETHOSLTD,Ethos Limited
HONAUT,Honeywell Automation India Limited
CPEDU,Career Point Edutech Limited
VINATIORGA,Vinati Organics Limited
SBICARD,SBI Cards and Payment Services Limited
TATAELXSI,Tata Elxsi Limited
ASHOKLEY,Ashok Leyland Limited
CONCOR,Container Corporation of India Limited
SASKEN,Sasken Technologies Limited
ASHOKA,Ashoka Buildcon Limited
GRPLTD,GRP Limited
DHANUKA,Dhanuka Agritech Limited
PRITI,Priti International Limited
ALPA,Alpa Laboratories Limited
BAJAJFINSV,Bajaj Finserv Limited
ATGL,Adani Total Gas Limited
MAZDOCK,Mazagon Dock Shipbuilders Limited
DIGISPICE,DiGiSPICE Technologies Limited
TORNTPOWER,Torrent Power Limited
SAMBHAAV,Sambhaav Media Limited
SALZERELEC,Salzer Electronics Limited
SUNDARMFIN,Sundaram Finance Limited
IFGLEXPOR,IFGL Refractories Limited
SECURKLOUD,SECUREKLOUD TECHNOLOGIES LIMITED
NILAINFRA,Nila Infrastructures Limited
JSWCEMENT,JSW Cement Limited
IGIL,International Gemological Institute Limited
SURAJLTD,Suraj Limited
TCIEXP,TCI Express Limited
PARACABLES,Paramount Communications Limited
CCAVENUE,AvenuesAI Limited
GODAVARIB,Godavari Biorefineries Limited
GPIL,Godawari Power And Ispat limited
CPL,Captain Polyplast Limited
TOLINS,Tolins Tyres Limited
GREENPOWER,Orient Green Power Company Limited
VINNY,Vinny Overseas Limited
TIMETECHNO,Time Technoplast Limited
BAJAJ-AUTO,Bajaj Auto Limited
KAKATCEM,Kakatiya Cement Sugar & Industries Limited
PIGL,Power & Instrumentation (Gujarat) Limited
NETWORK18,Network18 Media & Investments Limited
DYNPRO,Dynemic Products Limited
NILASPACES,Nila Spaces Limited
VIRINCHI,Virinchi Limited
RELTD,Ravindra Energy Limited
VASWANI,Vaswani Industries Limited
JSFB,Jana Small Finance Bank Limited
SKMEGGPROD,SKM Egg Products Export (India) Limited
KELLTONTEC,Kellton Tech Solutions Limited
VAKRANGEE,Vakrangee Limited
USK,Udayshivakumar Infra Limited
PNBGILTS,PNB Gilts Limited
GPTHEALTH,GPT Healthcare Limited
GUJALKALI,Gujarat Alkalies and Chemicals Limited
TRITURBINE,Triveni Turbine Limited
TRITURBINE,Triveni Engineering & Industries Limited
CRAMC,Canara Robeco Asset Management Company Limited
GRMOVER,GRM Overseas Limited
THOMASCOTT,Thomas Scott (India) Limited
NELCO,NELCO Limited
AAVAS,Aavas Financiers Limited
PILITA,PIL ITALICA LIFESTYLE LIMITED
LANDMARK,Landmark Cars Limited
SEJALLTD,Sejal Glass Limited
ENERGYDEV,Energy Development Company Limited
ASTERDM,Aster DM Quality Care Limited
544843,Advance Agrolife Limited
SBGLP,Suratwwala Business Group Limited
RPPL,Rajshree Polypack Limited
SHILCTECH,Shilchar Technologies Limited
GANGAFORGE,Ganga Forging Limited
AGRITECH,Agri-Tech (India) Limited
IRFC,Indian Railway Finance Corporation Limited
REFEX,Refex Industries Limited
CHOLAFIN,Cholamandalam Investment and Finance Company Limited
BAJAJST,Bajaj Steel Industries Limited
CLEDUCATE,CL Educate Limited
3MINDIA,3M India Limited
TPLPLASTEH,TPL Plastech Limited
BTTL,Bhilwara Technical Textiles Limited
MUNJALSHOW,Munjal Showa Limited
KALAMANDIR,Sai Silks (Kalamandir) Limited
IITL,Industrial Investment Trust Limited
RVHL,Ravinder Heights Limited
ASIANTILES,Asian Granito India Limited
CEMPRO,Cemindia Projects Limited
BHARATWIRE,Bharat Wire Ropes Limited
CMPDI,Central Mine Planning & Design Institute Limited
NIITLTD,NIIT Limited
ASMS,Avio Smart Market Stack Limited
JUBLINGREA,Jubilant Ingrevia Limited
MIDWESTLTD,Midwest Limited
GANESHCP,Ganesh Consumer Products Limited
THYROCARE,Thyrocare Technologies Limited
RKDL,Ravi Kumar Distilleries Limited
ARCHIES,Archies Limited
STARCEMENT,Star Cement Limited
HESTERBIO,Hester Biosciences Limited
MCLOUD,Magellanic Cloud Limited
CSM,CSM Technologies Limited
KOKUYOCMLN,Kokuyo Camlin Limited
SHK,S H Kelkar and Company Limited
NAVKARURB,Navkar Urbanstructure Limited
MUFTI,Credo Brands Marketing Limited
SENCO,Senco Gold Limited
SIGMA,Sigma Solve Limited
LINC,Linc Limited
DELHIVERY,Delhivery Limited
SUNDARAM,Sundaram Multi Pap Limited
NAHARSPING,Nahar Spinning Mills Limited
ARKADE,Arkade Developers Limited
LAGNAM,Lagnam Spintex Limited
CHAMBLFERT,Chambal Fertilizers & Chemicals Limited
JETFREIGHT,Jet Freight Logistics Limited
GMDCLTD,Gujarat Mineral Development Corporation Limited
ATAM,Atam Valves Limited
GSPCROP,GSP Crop Science Limited
AMBIKCO,Ambika Cotton Mills Limited
KRIDHANINF,Kridhan Infra Limited
NBIFIN,N. B. I. Industrial Finance Company Limited
JAICORPLTD,Jai Corp Limited
LAXMICOT,Laxmi Cotspin Limited
BAJFINANCE,Bajaj Finance Limited
HIRECT,Hirect Limited
EUROBOND,Euro Panel Products Limited
PANACEABIO,Panacea Biotec Limited
JISLDVREQS,Jain Irrigation Systems Limited
MOIL,MOIL Limited
SANDHAR,Sandhar Technologies Limited
HINDPETRO,Hindustan Petroleum Corporation Limited
CAMS,Computer Age Management Services Limited
ARIHANTSUP,Arihant Superstructures Limited
VINYLINDIA,Vinyl Chemicals (India) Limited
MERCANTILE,Mercantile Ventures Limited
SANDUMA,Sandur Manganese & Iron Ores Limited
SAFARI,Safari Industries (India) Limited
HITECH,Hi-Tech Pipes Limited
SANSTAR,Sanstar Limited
FSL,Firstsource Solutions Limited
SHREECEM,SHREE CEMENT LIMITED
HECPROJECT,HEC Infra Projects Limited
STCINDIA,The State Trading Corporation of India Limited
INOXWIND,Inox Wind Limited
RVNL,Rail Vikas Nigam Limited
NDRAUTO,Ndr Auto Components Limited
MASFIN,MAS Financial Services Limited
JKLAKSHMI,JK Lakshmi Cement Limited
JSWENERGY,JSW Energy Limited
NDTV,New Delhi Television Limited
SWIGGY,Swiggy Limited
CELEBRITY,Celebrity Fashions Limited
PPAP,PPAP Automotive Limited
METROBRAND,Metro Brands Limited
SRM,SRM Contractors Limited
RPOWER,Reliance Power Limited
LAXMIINDIA,Laxmi India Finance Limited
AFIL,Akme Fintrade (India) Limited
APTUS,Aptus Value Housing Finance India Limited
ORIENTPPR,Orient Paper & Industries Limited
PGEL,PG Electroplast Limited
ARIHANT,Arihant Foundations & Housing Limited
SPORTKING,Sportking India Limited
SUBROS,Subros Limited
UMESLTD,Usha Martin Education & Solutions Limited
LAOPALA,La Opala RG Limited
INDOFARM,Indo Farm Equipment Limited
MODINATUR,Modi Naturals Limited
BAYERCROP,Bayer Cropscience Limited
RUCHINFRA,Ruchi Infrastructure Limited
MEDIASSIST,Medi Assist Healthcare Services Limited
TANLA,Tanla Platforms Limited
MAFATIND,Mafatlal Industries Limited
GENUSPAPER,Genus Paper & Boards Limited
S&SPOWER,S&S Power Switchgears Limited
AMAGI,Amagi Media Labs Limited
BHARATFORG,Bharat Forge Limited
GLOTTIS,Glottis Limited
PTC,PTC India Limited
HLVLTD,HLV LIMITED
HGS,Hinduja Global Solutions Limited
DCXINDIA,DCX Systems Limited
NLCINDIA,NLC India Limited
HAVELLS,Havells India Limited
A2ZINFRA,A2Z Infra Engineering Limited
SUMIT,Sumit Woods Limited
SHRIKRISH,Shri Krishna Devcon Limited
VAML,Vedanta Aluminium Metal Limited
BIOCON,Biocon Limited
ACC,ACC Limited
IRIS,IRIS RegTech Solutions Limited
M&M,Mahindra & Mahindra Limited
SUMICHEM,Sumitomo Chemical India Limited
NAVKARCORP,Navkar Corporation Limited
RCF,Rashtriya Chemicals and Fertilizers Limited
UFO,UFO Moviez India Limited
AURIONPRO,Aurionpro Solutions Limited
IVALUE,Ivalue Infosolutions Limited
INDIANHUME,Indian Hume Pipe Company Limited
EIEL,Enviro Infra Engineers Limited
GLOSTERLTD,Gloster Limited
BHARATGEAR,Bharat Gears Limited
JIOFIN,Jio Financial Services Limited
ZAGGLE,Zaggle Prepaid Ocean Services Limited
GOLDIAM,Goldiam International Limited
LTF,L&T Finance Limited
FMNL,Future Market Networks Limited
MONEYBOXX,Moneyboxx Finance Limited
BANSWRAS,Banswara Syntex Limited
TTML,Tata Teleservices (Maharashtra) Limited
CENTURYPLY,Century Plyboards (India) Limited
63MOONS,63 moons technologies limited
RADIOCITY,Music Broadcast Limited
CREDITACC,CREDITACCESS GRAMEEN LIMITED
SAGCEM,Sagar Cements Limited
KOTHARIPET,Kothari Petrochemicals Limited
NIITMTS,NIIT Learning Systems Limited
SPENCERS,Spencer's Retail Limited
EIFFL,Euro India Fresh Foods Limited
UBL,United Breweries Limited
PAVNAIND,Pavna Industries Limited
ACL,Andhra Cements Limited
CAPACITE,Capacit'e Infraprojects Limited
MIRZAINT,Mirza International Limited
LUPIN,Lupin Limited
PVSL,Popular Vehicles and Services Limited
PARKHOTELS,Apeejay Surrendra Park Hotels Limited
TIGERLOGS,Tiger Logistics (India) Limited
URJA,Urja Global Limited
SAURASHCEM,Saurashtra Cement Limited
ROSSARI,Rossari Biotech Limited
GOKEX,Gokaldas Exports Limited
FORTIS,Fortis Healthcare Limited
STANLEY,Stanley Lifestyles Limited
530643,Eco Recycling Limited
JWL,Jupiter Wagons Limited
COROMANDEL,Coromandel International Limited
CCCL,Consolidated Construction Consortium Limited
ABMKNO,ABM Knowledgeware Limited
RANEHOLDIN,Rane Holdings Limited
BLUEJET,Blue Jet Healthcare Limited
LEMERITE,Le Merite Exports Limited
GREENLAM,Greenlam Industries Limited
LIBERTSHOE,Liberty Shoes Limited
JKTYRE,JK Tyre & Industries Limited
RHFL,Reliance Home Finance Limited
MAANALU,Maan Aluminium Limited
DBCORP,D.B.Corp Limited
MAXHEALTH,Max Healthcare Institute Limited
DPSCLTD,DPSC Limited
NAHARPOLY,Nahar Poly Films Limited
GTLINFRA,GTL Infrastructure Limited
POCL,Pondy Oxides & Chemicals Limited
CRIZAC,Crizac Limited
RAMAPHO,Rama Phosphates Limited
MSUMI,Motherson Sumi Wiring India Limited
SJS,S.J.S. Enterprises Limited
PGHH,Procter & Gamble Hygiene and Health Care Limited
TMPV,Tata Motors Passenger Vehicles Limited
HEIDELBERG,HeidelbergCement India Limited
TIINDIA,Tube Investments of India Limited
MTNL,Mahanagar Telephone Nigam Limited
PIONEEREMB,Pioneer Embroideries Limited
ASAL,Automotive Stampings and Assemblies Limited
GODFRYPHLP,Godfrey Phillips India Limited
HARIOMPIPE,Hariom Pipe Industries Limited
PYRAMID,Pyramid Technoplast Limited
SPANDANA,Spandana Sphoorty Financial Limited
BALKRISIND,Balkrishna Paper Mills Limited
BALKRISIND,Balkrishna Industries Limited
TIPSFILMS,Tips Films Limited
ALLTIME,All Time Plastics Limited
PASHUPATI,Pashupati Cotspin Limited
RECLTD,REC Limited
RAYMONDLSL,Raymond Lifestyle Limited
HUBTOWN,Hubtown Limited
BOMDYEING,Bombay Dyeing & Mfg Company Limited
SHAKTIPUMP,Shakti Pumps (India) Limited
HUDCO,Housing & Urban Development Corporation Limited
PACEDIGITK,Pace Digitek Limited
SUVIDHAA,Suvidhaa Infoserve Limited
RICOAUTO,Rico Auto Industries Limited
ORIENTCEM,Orient Cement Limited
GUJENERGY,GUJARAT ENERGY LIMITED
SHRENIK,Shrenik Limited
ARENTERP,Rajdarshan Industries Limited
HARDWYN,Hardwyn India Limited
AIAENG,AIA Engineering Limited
ZSARACOM,Saraswati Commercial India Limited
IRCON,Ircon International Limited
JBMA,JBM Auto Limited
BANKA,Banka BioLoo Limited
JAINREC,Jain Resource Recycling Limited
DIL,Debock Industries Limited
VIPULLTD,Vipul Limited
MARUTI,Maruti Suzuki India Limited
BCLIND,Bcl Industries Limited
HAPPSTMNDS,Happiest Minds Technologies Limited
BEARDSELL,Beardsell Limited
DSSL,Dynacons Systems & Solutions Limited
GALLANTT,Gallantt Ispat Limited
SHALBY,Shalby Limited
SERVOTECH,Servotech Renewable Power System Limited
FIRSTCRY,Brainbees Solutions Limited
RAINBOW,Rainbow Childrens Medicare Limited
BLUEDART,Blue Dart Express Limited
CERA,Cera Sanitaryware Limited
NEWGEN,Newgen Software Technologies Limited
KRITI,Kriti Industries (India) Limited
GANECOS,Ganesha Ecosphere Limited
UPL,UPL Limited
SVPGLOB,SVP GLOBAL TEXTILES LIMITED
VIKRAMSOLR,Vikram Solar Limited
OSWALAGRO,Oswal Agro Mills Limited
TTKPRESTIG,TTK Prestige Limited
XPROINDIA,Xpro India Limited
BBTC,The Bombay Burmah Trading Corporation Limited
BFUTILITIE,BF Utilities Limited
ADVENTHTL,Advent Hotels International Limited
GAUDIUMIVF,Gaudium IVF and Women Health Limited
GOODYEAR,Goodyear India Limited
CENTRUM,Centrum Capital Limited
IEX,Indian Energy Exchange Limited
SCODATUBES,Scoda Tubes Limited
IMFA,Indian Metals & Ferro Alloys Limited
GODREJCP,Godrej Consumer Products Limited
AMBUJACEM,Ambuja Cements Limited
FCONSUMER,Future Consumer Limited
PGHL,Procter & Gamble Health Limited
STYRENIX,Styrenix Performance Materials Limited
GRSE,Garden Reach Shipbuilders & Engineers Limited
HMVL,Hindustan Media Ventures Limited
ADVENZYMES,Advanced Enzyme Technologies Limited
INDIANCARD,Indian Card Clothing Company Limited
SCANSTL,Scan Steels Limited
AGIIL,Agi Infra Limited
PRAVEG,Praveg Limited
PARASPETRO,Paras Petrofils Limited
TIRUMALCHM,Thirumalai Chemicals Limited
AMNPLST,Amines & Plasticizers Limited
DCM,DCM  Limited
JLHL,Jupiter Life Line Hospitals Limited
JAYBARMARU,Jay Bharat Maruti Limited
ENIL,Entertainment Network (India) Limited
BIGBLOC,Bigbloc Construction Limited
ADVAIT,Advait Energy Transitions Limited
DCAL,Dishman Carbogen Amcis Limited
SOMATEX,Soma Textiles & Industries Limited
ESSARSHPNG,Essar Shipping Limited
M&MFIN,Mahindra & Mahindra Financial Services Limited
GREENPANEL,Greenpanel Industries Limited
SICALLOG,Sical Logistics Limited
SYMPHONY,Symphony Limited
GATECHDVR,GACM Technologies Limited
VOLTAS,Voltas Limited
INDBANK,Indbank Merchant Banking Services Limited
SAKSOFT,Saksoft Limited
OLECTRA,Olectra Greentech Limited
PNC,Pritish Nandy Communications Limited
BETA,Beta Drugs Limited
JTEKTINDIA,Jtekt India Limited
HEMIPROP,Hemisphere Properties India Limited
BASML,Bannari Amman Spinning Mills Limited
SJVN,SJVN Limited
MADHUCON,Madhucon Projects Limited
CESC,CESC Limited
AERONEU,Aeroflex Neu Limited
MCLEODRUSS,Mcleod Russel India Limited
ICEMAKE,Ice Make Refrigeration Limited
FELDVR,Future Enterprises Limited
BORANA,Borana Weaves Limited
SOUTHWEST,South West Pinnacle Exploration Limited
TINNARUBR,Tinna Rubber and Infrastructure Limited
AVG,AVG Logistics Limited
DNAMEDIA,Diligent Media Corporation Limited
PICCADIL,Piccadily Agro Industries Limited
BPL,BPL Limited
FDC,FDC Limited
GATECH,GACM Technologies Limited
NBCC,NBCC (India) Limited
KITEX,Kitex Garments Limited
STALLION,Stallion India Fluorochemicals Limited
HARRMALAYA,Harrisons  Malayalam Limited
PFIZER,Pfizer Limited
PANSARI,Pansari Developers Limited
SAMHI,Samhi Hotels Limited
ARE&M,Amara Raja Energy & Mobility Limited
EMSLIMITED,EMS Limited
GULPOLY,Gulshan Polyols Limited
CEINSYS,Ceinsys Tech Limited
INTELLECT,Intellect Design Arena Limited
TARACHAND,Tara Chand InfraLogistic Solutions Limited
FISCHER,Fischer Medical Ventures Limited
ECOSMOBLTY,Ecos (India) Mobility & Hospitality Limited
SHRIRAMPPS,Shriram Properties Limited
DREDGECORP,Dredging Corporation of India Limited
KPITTECH,KPIT Technologies Limited
SPMLINFRA,SPML Infra Limited
CROMPTON,Crompton Greaves Consumer Electricals Limited
CMSINFO,CMS Info Systems Limited
ASHIMASYN,Ashima Limited
XTGLOBAL,Xtglobal Infotech Limited
JITFINFRA,JITF Infralogistics Limited
KEC,KEC International Limited
SWSOLAR,Sterling and Wilson Renewable Energy Limited
TVSHLTD,TVS Holdings Limited
JYOTISTRUC,Jyoti Structures Limited
ZODIAC,Zodiac Energy Limited
PFC,Power Finance Corporation Limited
BORORENEW,BOROSIL RENEWABLES LIMITED
KRITIKA,Kritika Wires Limited
SAMMAANCAP,Sammaan Capital Limited
SULA,Sula Vineyards Limited
MTEDUCARE,MT Educare Limited
SANOFICONR,Sanofi Consumer Healthcare India Limited
SFL,Sheela Foam Limited
PRECAM,Precision Camshafts Limited
THERMAX,Thermax Limited
ROUTE,ROUTE MOBILE LIMITED
DENORA,De Nora India Limited
SUZLON,Suzlon Energy Limited
AGROPHOS,Agro Phos India Limited
AWHCL,Antony Waste Handling Cell Limited
ADANIENSOL,Adani Energy Solutions Limited
MAJESAUT,Majestic Auto Limited
RTNINDIA,RattanIndia Enterprises Limited
VIKRAN,Vikran Engineering Limited
HPL,HPL Electric & Power Limited
LATENTVIEW,Latent View Analytics Limited
ABLBL,Aditya Birla Lifestyle Brands Limited
FLEXITUFF,Flexituff Ventures International Limited
PSPPROJECT,PSP Projects Limited
LCCINFOTEC,LCC Infotech Limited
OMINFRAL,OM INFRA LIMITED
ONMOBILE,OnMobile Global Limited
AVANTIFEED,Avanti Feeds Limited
JPPOWER,Jaiprakash Power Ventures Limited
IDEAFORGE,Ideaforge Technology Limited
OSWALPUMPS,Oswal Pumps Limited
RUPA,Rupa & Company Limited
FUSION,Fusion Finance Limited
PIIND,PI Industries Limited
INDOSTAR,IndoStar Capital Finance Limited
LASA,Lasa Supergenerics Limited
TVSELECT,TVS Electronics Limited
WILLAMAGOR,Williamson Magor & Company Limited
GEMAROMA,Gem Aromatics Limited
BCONCEPTS,Brand Concepts Limited
SUYOG,Suyog Telematics Limited
SHANTI,Shanti Overseas (India) Limited
UGROCAP,Ugro Capital Limited
AJOONI,Ajooni Biotech Limited
HINDWAREAP,Hindware Home Innovation Limited
HILTON,Hilton Metal Forging Limited
FLFL,Future Lifestyle Fashions Limited
EUREKAFORB,Eureka Forbes Limited
INDIACEM,The India Cements Limited
RKEC,RKEC Projects Limited
FIEMIND,Fiem Industries Limited
SITINET,Siti Networks Limited
REPRO,Repro India Limited
SADBHAV,Sadbhav Engineering Limited
HGINFRA,H.G. Infra Engineering Limited
KERNEX,Kernex Microsystems (India) Limited
HGM,HandsOn Global Management (HGM) Limited
VAIBHAVGBL,Vaibhav Global Limited
DBREALTY,Valor Estate Limited
SHAH,Shah Metacorp Limited
FOCUS,Focus Lighting and Fixtures Limited
IXIGO,Le Travenues Technology Limited
GODREJIND,Godrej Industries Limited
ASHIKAG,Ashika Global Securities Limited
EPACK,EPACK Durable Limited
HIMATSEIDE,Himatsingka Seide Limited
FAZE3Q,Faze Three Limited
GSS,GSS Infotech Limited
HUHTAMAKI,Huhtamaki India Limited
POKARNA,Pokarna Limited
INOXGREEN,Inox Green Energy Services Limited
GODREJPROP,Godrej Properties Limited
RTNPOWER,RattanIndia Power Limited
ORCHASP,Orchasp Limited
ZEELEARN,Zee Learn Limited
CLCIND,CLC Industries Limited
ATULAUTO,Atul Auto Limited
ASALCBR,Associated Alcohols & Breweries Ltd.
MITTAL,Mittal Life Style Limited
DISHTV,Dish TV India Limited
ALOKINDS,Alok Industries Limited
BIKAJI,Bikaji Foods International Limited
AASTHA,Aastha Spintex Limited
NITCO,Nitco Limited
DEVIT,Dev Information Technology Limited
532467,Hazoor Multi Projects Limited
MAPMYINDIA,C.E. Info Systems Limited
ELIN,Elin Electronics Limited
MOLDTECH,Mold-Tek Technologies Limited
BHARATRAS,Bharat Rasayan Limited
DENTA,Denta Water and Infra Solutions Limited
IGCL,Indogulf Cropsciences Limited
EMPOWER,Empower India Limited
BHAGCHEM,Bhagiradha Chemicals & Industries Limited
BUTTERFLY,Butterfly Gandhimathi Appliances Limited
GLOBALVECT,Global Vectra Helicorp Limited
AGARIND,Agarwal Industrial Corporation Limited
KCPSUGIND,KCP Sugar and Industries Corporation Limited
ONIDA,Onida Electronics Limited
ASTRON,Astron Paper & Board Mill Limited
INA,Insolation Energy Limited
ABREL,Aditya Birla Real Estate Limited
SEMAC,Semac Construction Limited
MINDTECK,Mindteck (India) Limited
PRECOT,Precot Limited
ABFRL,Aditya Birla Fashion and Retail Limited
DAVANGERE,Davangere Sugar Company Limited
TCC,TCC Concept Limited
BNAGROCHEM,BN Agrochem Limited
GOLDTECH,AION-TECH SOLUTIONS LIMITED
RELAXO,Relaxo Footwears Limited
SONATSOFTW,Sonata Software Limited
DIGITIDE,Digitide Solutions Limited
V2RETAIL,V2 Retail Limited
RAMKY,Ramky Infrastructure Limited
CAMLINFINE,Camlin Fine Sciences Limited
ASTRAZEN,AstraZeneca Pharma India Limited
MUTHOOTMF,Muthoot Microfin Limited
ANUP,The Anup Engineering Limited
SOLEX,Solex Energy Limited
RAJESHEXPO,Rajesh Exports Limited
RSDFIN,RSD Finance Limited
SALASAR,Salasar Techno Engineering Limited
WEBELSOLAR,Websol Energy System Limited
SOLARWORLD,Solarworld Energy Solutions Limited
NACLIND,NACL Industries Limited
DUCON,Ducon Infratechnologies Limited
AHLUCONT,Ahluwalia Contracts (India) Limited
BOROSCI,Borosil Scientific Limited
ELECTHERM,Electrotherm (India) Limited
LEXUS,Lexus Granito (India) Limited
SHYAMTEL,Shyam Telecom Limited
ZEEL,Zee Entertainment Enterprises Limited
KPEL,K.P. Energy Limited
ASHAPURMIN,Ashapura Minechem Limited
WANBURY,Wanbury Limited
NAGAFERT,Nagarjuna Fertilizers and Chemicals Limited
PIONRINV,Pioneer Investcorp Limited
MORARJEE,Morarjee Textiles Limited
JSLL,Jeena Sikho Lifecare Limited
NARMADA,Narmada Agrobase Limited
NILE,Nile Limited
SILVERTUC,Silver Touch Technologies Limited
COASTCORP,Coastal Corporation Limited
RMC,RMC Switchgears Limited
POLICYBZR,PB Fintech Limited
PRAXIS,Praxis Home Retail Limited
WAAREEINDO,Indosolar Limited
DJML,DJ Mediaprint & Logistics Limited
AVROIND,AVRO INDIA LIMITED
SUPREMEINF,Supreme Infrastructure India Limited
OSIAHYPER,Osia Hyper Retail Limited
TAKE,TAKE Limited
AQYLON,Aqylon Nexus Limited
ALPINETEX,Alpine Texworld Limited
GENSOL,Gensol Engineering Limited
WEL,Wonder Electricals Limited
EUROPRATIK,Euro Pratik Sales Limited
TERASOFT,Tera Software Limited
TURTLEMINT,Turtlemint Fintech Solutions Limited
RHETAN,Rhetan TMT Limited
SUMEETINDS,Sumeet Industries Limited
PNCINFRA,PNC Infratech Limited
TVVISION,TV Vision Limited
BLSE,BLS E-Services Limited
MOLDTKPAC,Mold-Tek Packaging Limited
NATIONSTD,National Standard (India) Limited
ELITECON,Elitecon International Limited
MEDICO,Medico Remedies Limited
SRGHFL,SRG Housing Finance Limited
ATALREAL,Atal Realtech Limited
INDOTHAI,Indo Thai Securities Limited
VERANDA,Veranda Learning Solutions Limited
BHAGYANGR,Bhagyanagar India Limited
